"timestamp [UTC]",id,"operation_Name",success,resultCode,duration,"operation_Id","cloud_RoleName",invocationId
"7/18/2023, 11:36:20.361 PM",41303b9ba2cab07d,AeneasFunction,True,0,"9273.5813",0c2f6b6669a45043aaa84f6f4d750eaf,"aeneas-func","675aa314-ab29-4622-ad1e-d97df8972ea0"
"7/18/2023, 11:35:26.350 PM",296a01c238610bdf,AeneasFunction,True,0,"9400.7435",5a6b4e74a80dcfbfbe65da2f82096175,"aeneas-func","0ee647fc-a17e-477d-b331-ee648728c706"
"7/18/2023, 11:34:31.746 PM",242902fb56555eb9,AeneasFunction,True,0,"9429.543",21f3be4c48897f1bfabda4dcbc3a79b2,"aeneas-func","f1753a10-8c21-4d5a-914d-e783e82807fc"
"7/18/2023, 11:33:38.680 PM",4fdc98c1a2a4962e,AeneasFunction,True,0,"9698.727700000001",a851861305a42cb434a619f7c8375c25,"aeneas-func","91f49dc2-25b5-43a4-abb2-494997d2d5c8"
"7/18/2023, 11:32:29.603 PM",2561d2b5d3ead4aa,AeneasFunction,True,0,"9104.8884",9fe6c577b128788452295333db1e3d29,"aeneas-func","2502d2b1-7d15-4df0-bc88-5d3b467b2514"
"7/18/2023, 11:31:34.242 PM",a74b35d0480e230a,AeneasFunction,True,0,"9149.7508",6b699d7e3043a3aa31f4c755b0f73359,"aeneas-func","24d5e442-6bac-413f-bea2-57aa128eb1e5"
"7/18/2023, 11:31:21.040 PM",74f29ae77e521368,AeneasFunction,False,0,"206.46200000000002",141969b973d011409d6a71a6497fd8ac,"aeneas-func","1a058cd5-3549-443a-aaad-0d2bf93f26d1"
"7/18/2023, 11:31:20.711 PM",991b2db67e04866c,AeneasFunction,False,0,"254.6337",a723c064aee09f7df99c0f590acb385c,"aeneas-func","32887848-befb-4fec-af00-e097b0909b23"
"7/18/2023, 11:30:28.356 PM",d627ccf4b87c5251,AeneasFunction,True,0,"9370.6939",a330ef1b02a28dacbadafde519aa2777,"aeneas-func","ecb7f3b2-2214-485b-ba96-e18f67e5bbae"
"7/18/2023, 11:29:33.060 PM",a00778dbe043330d,AeneasFunction,True,0,"9395.3785",f40a2eeb8701faa6898b6f60a86db753,"aeneas-func","4b22e7c1-a63d-48a8-b8e2-7002e6e6cf9f"
"7/18/2023, 11:28:40.817 PM",f40d6dece0ca2aa5,AeneasFunction,True,0,"9444.4231",04e99410ac61b9c091abfb8195b20c9d,"aeneas-func","3520127c-859e-4f60-8c7e-51f382db44d9"
"7/18/2023, 11:27:30.340 PM",6d4732541ba03f34,AeneasFunction,True,0,"9395.410100000001",03c5cfe208dc6b8c5712d58df3e0fc32,"aeneas-func","a9a160b4-4c29-4867-be4e-e7fa7042519f"
"7/18/2023, 11:26:24.627 PM",cce8e19d557d3210,AeneasFunction,True,0,"9478.787900000001",787ce429257070aa15e5bc9cf93cae33,"aeneas-func","ec8d290c-b98d-4c01-8c6b-3dfb3280fafd"
"7/18/2023, 11:25:56.389 PM",ca7b8b63325684b3,AeneasFunction,True,0,"9273.7908",3689fc6f632f93f640dbd782d3139da3,"aeneas-func","c6573a59-1a44-43fc-8541-fd135fa9338a"
"7/18/2023, 11:25:30.818 PM",35d43f427051f199,AeneasFunction,True,0,"9359.3055",6c9e1e59de987552524188797a54b934,"aeneas-func","8d887e97-d0ee-47a4-beb0-195484a0b01a"
"7/18/2023, 11:25:01.222 PM",c0ee9c7df0cecfa3,AeneasFunction,True,0,"9249.3148",e83b39cbd3c38c556d456882332c238f,"aeneas-func","ba83db36-8adb-4ab8-8323-e793548852fa"
"7/18/2023, 11:24:37.405 PM",b31c3002e48e1eb0,AeneasFunction,True,0,"9139.4414",6976ed27f457a9f8d14382e70d606922,"aeneas-func","3a98988c-5705-4563-9924-03b461f074ee"
"7/18/2023, 11:23:55.014 PM",51a7657170e0479b,AeneasFunction,True,0,"9118.6713",b45467904ae54305e4ac2814091013a3,"aeneas-func","829f023b-10b8-4803-9f82-eb5ff21178b3"
"7/18/2023, 11:23:29.901 PM",722571a2fd042870,AeneasFunction,True,0,"9663.945800000001",65cad3eb91a2b24d2a4848f20c0bff27,"aeneas-func","4f2d3607-2971-40f1-b86b-5e1d12671197"
"7/18/2023, 11:23:01.306 PM",2f0e670bdfd4bdc0,AeneasFunction,True,0,"9309.074200000001",f25faa7b5552e8e8519e9d5ada06a31e,"aeneas-func","340bc210-f9f3-4f6d-8179-0e06afd3c4d8"
"7/18/2023, 11:22:35.840 PM",576ffa68424dd8f5,AeneasFunction,True,0,"9539.7811",efaa3f93a5f0ce0d9005f8eb12b1c34e,"aeneas-func","63a49791-c397-456b-a78c-80304c2c035a"
"7/18/2023, 11:22:09.027 PM",7defa853fd90a572,AeneasFunction,True,0,"9490.1674",01b070e8c07556566f75431d52e2e3de,"aeneas-func","e850bc8e-bae5-41e9-a17d-02d0a20467d6"
"7/18/2023, 11:21:00.252 PM",c87570b02026ce6d,AeneasFunction,True,0,"9231.644",af3269b0e78ab8ccf37eb913c399f765,"aeneas-func","98f32b45-592d-4722-8b61-25b936abaf79"
"7/18/2023, 11:20:46.091 PM",0eb69ecddea12d16,AeneasFunction,True,0,"9252.2594",52e49cac8700ce2974ddf78e1b1cbf6b,"aeneas-func","cea07f26-b3bb-4b0a-96c3-80182602a94d"
"7/18/2023, 11:20:33.655 PM",dcce2b883a049164,AeneasFunction,False,0,"195.10770000000002",dd0c9e2411a70076f533047b6d51a742,"aeneas-func","b7762dd7-ffd3-421c-a5e1-11618ee8efba"
"7/18/2023, 11:20:33.344 PM",7082e80d36ac5433,AeneasFunction,False,0,"197.7237",6f58a9004fbe71e12e7a4477b125828c,"aeneas-func","d4e52039-f755-45a8-a918-7d1a5e1ed749"
"7/18/2023, 11:20:33.050 PM",feb678ba018201a7,AeneasFunction,False,0,"192.6756",cbbc9b4089227abcc721dfe76b88789e,"aeneas-func","f3d22189-34f9-4bcc-a558-c676488c1630"
"7/18/2023, 11:20:32.747 PM",20db227bce98403a,AeneasFunction,False,0,"222.63420000000002",a62e527f68ee13adc4c32e80b8e3b60a,"aeneas-func","90c6e3a6-3294-4c4c-98b4-fd8ba8a28003"
"7/18/2023, 11:20:21.783 PM",2fe3177db4003068,AeneasFunction,True,0,"9442.9601",158329f8e576ed649bd3e33510084ab2,"aeneas-func","698f9a44-d4d4-4fc3-a357-5d98882df970"
"7/18/2023, 11:19:54.540 PM",2586ed87578acaef,AeneasFunction,True,0,"9135.9079",8876f1bcaf33de642f42c8141b9602da,"aeneas-func","a44bc663-3d8d-46e0-b61c-5585dcb5e454"
"7/18/2023, 11:19:41.446 PM",6cb2fc36ac75a90f,AeneasFunction,True,0,"9527.027100000001",6d15d947402396514e67fd859880bb46,"aeneas-func","a8e0096c-ba06-4c6e-9dce-545611c0018b"
"7/18/2023, 11:19:12.477 PM",f9c3c1a66b89944d,AeneasFunction,True,0,"9255.157000000001",46ae78cd73216a29fc22465f6f6d3f23,"aeneas-func","34cd6770-abba-404f-9f46-bc4ceab77d07"
"7/18/2023, 11:19:00.202 PM",7848c05005accd1c,AeneasFunction,True,0,"9251.875",70a018a6c30c1eceb7eab8a62deb1813,"aeneas-func","9bd3b362-cc40-4d60-836f-b22362a44e04"
"7/18/2023, 11:18:32.825 PM",4fa12a17a1fb07fd,AeneasFunction,True,0,"9247.083700000001",73160fe7a7cd4c93749a6511eff25477,"aeneas-func","a4143363-666b-467e-8c1b-49bae8ee64f3"
"7/18/2023, 11:18:21.351 PM",9108c2ffc2cf0cc5,AeneasFunction,True,0,"9431.662900000001",bf731b4f764e5ca48144a15fcab6e056,"aeneas-func","93c91ad2-c584-4d25-a588-d20764664549"
"7/18/2023, 11:18:08.342 PM",87ec90b744172a05,AeneasFunction,True,0,"9302.9338",4bea99d8dada3320842cb995b81b5cb0,"aeneas-func","3221e716-6fbc-4fbe-850e-d7cc6ae767cb"
"7/18/2023, 11:16:05.879 PM",c352031ddd82971f,AeneasFunction,True,0,"9238.0419",f4d3f7992b898e901d8254bcd6b0c1dc,"aeneas-func","51879b8c-085c-4520-be83-ca87aec04bae"
"7/18/2023, 11:15:52.557 PM",e3a5c095ce3ca6fb,AeneasFunction,True,0,"9429.779",1aa3dc70f157928e1331514a7639542d,"aeneas-func","3695c9f9-671d-4f14-af0a-900578fc314c"
"7/18/2023, 11:15:40.034 PM",f4036095d0ffbff1,AeneasFunction,True,0,"9507.8747",d273ebd432d74b1229d18aab3ba8256c,"aeneas-func","d4a013ba-e253-4620-9ec6-fc26692dd564"
"7/18/2023, 11:15:14.151 PM",db39ce1c090b652d,AeneasFunction,True,0,"9338.1581",6ccf26980bf02469567d17a4f50ab486,"aeneas-func","0da89992-2e5c-4045-a742-c01afaf46173"
"7/18/2023, 11:14:59.816 PM",c890e9e1addea567,AeneasFunction,True,0,"9368.932700000001",b2a15f641d9d767b356f99c5f1618f41,"aeneas-func","a300cff5-0d20-4821-8e1a-2e18b5bd8797"
"7/18/2023, 11:14:47.842 PM",ee03f8c4b6ed2501,AeneasFunction,True,0,"9311.403400000001",29e5fd7ec1b7f1d3ba274f431cef06f2,"aeneas-func","f1b3a528-844d-4292-96fe-59589a6a4f54"
"7/18/2023, 11:14:20.610 PM",71263a0e4e593a93,AeneasFunction,True,0,"9244.715100000001",f8f8c16bcbf4b725dcff06387d28a54e,"aeneas-func","52faec29-6665-4ef8-b9ad-68c5a3bdb0ad"
"7/18/2023, 11:14:06.431 PM",a252ceb7c0413d00,AeneasFunction,True,0,"9073.7616",a8bc66eba7f710dd48ea8f23e757eba4,"aeneas-func","e06dd56a-5ed7-4ae7-bcb4-49935ca58dd6"
"7/18/2023, 11:13:52.742 PM",03d33ba2dc4f6eed,AeneasFunction,True,0,"9264.169100000001",58cba333a9da393862df607ad2e51edf,"aeneas-func","b5e541fb-5f6e-4cf0-9d9c-a29699d69913"
"7/18/2023, 11:13:26.061 PM",5a6b1b9affcd468b,AeneasFunction,True,0,"8771.398500000001",0276024d34d7ab9943c8f4a2a563e179,"aeneas-func","c17d6fa3-3c1e-40cf-bdaf-452a8b3de981"
"7/18/2023, 11:12:32.500 PM",dc80db2051a966a6,AeneasFunction,True,0,"9200.9452",5c1f1ae1903adbe55644ae6d92134e74,"aeneas-func","b6c4c480-ac44-4bc6-82f6-f1eb0c2d7cf1"
"7/18/2023, 11:12:07.398 PM",7eca1a057fec9990,AeneasFunction,True,0,"9415.0663",5687f20c867a52c80dbae7a17ef21fb2,"aeneas-func","49e95439-3082-4ae3-82d3-81d351b7ba0c"
"7/18/2023, 11:11:55.004 PM",260acccf0bcc8241,AeneasFunction,True,0,"9428.4405",60be4d7539d92f1008dd74b553a3ec33,"aeneas-func","d698b609-f980-4e27-a506-bfde8b535fc8"
"7/18/2023, 11:11:39.368 PM",f45f500c4b2d036a,AeneasFunction,True,0,"9429.3215",d4f8941073548b08e6caef60a857a85a,"aeneas-func","3f494b4c-ae4b-4568-8cc7-01184145eab3"
"7/18/2023, 11:11:27.018 PM",b82f9becc2a7f5d2,AeneasFunction,True,0,"9219.368900000001",07ddc42ceaf5728da3252a37e717e199,"aeneas-func","d940fae6-273e-457e-a40a-a90e53afc750"
"7/18/2023, 11:11:15.525 PM",2f6a2d0b70729aa1,AeneasFunction,True,0,"9447.289700000001",459526555978c798e218c604b0155955,"aeneas-func","16dc9a58-da4e-43b7-994e-781148d985ea"
"7/18/2023, 11:11:01.876 PM",77f1cc7a28018fe2,AeneasFunction,True,0,"9502.7202",d6f45e2239d1a1f91ca709114f8aafb9,"aeneas-func","13d6c799-b7a0-4ce2-9aaa-4843d575d660"
"7/18/2023, 11:10:47.936 PM",ff0c4975630a6e88,AeneasFunction,True,0,"10043.765300000001",8feedefe75a7075fd96c5cafdcce48c5,"aeneas-func","5f18b40a-8ab5-469c-941c-b35dd46ffcd6"
"7/18/2023, 11:10:35.920 PM",feb5fc1774b45bb7,AeneasFunction,True,0,"9610.6375",c49212af60941b5487845b323bf0b5c9,"aeneas-func","a346c3c8-9b7b-4901-a5ae-ca7fb245cbe0"
"7/18/2023, 11:10:20.335 PM",882edc57b3429a28,AeneasFunction,True,0,"9989.313900000001",99abda45e8215dcbac46d0972ce9ddde,"aeneas-func","c17bda67-f63f-4d52-a32d-e58816bab37f"
"7/18/2023, 11:06:11.280 PM",2700205b3db52dd5,AeneasFunction,True,0,"1966.7573",b56b951f09668a88c643dd0dd45a8f8b,"aeneas-func","ea338a0f-8beb-4070-92b6-aca6b4f4a000"
"7/18/2023, 11:05:17.658 PM",05cf9a0beed0ef21,AeneasFunction,True,0,"2161.3662",7b67e2d53bb90e3a02bfac716ca3c8a7,"aeneas-func","b8375802-2ea8-4019-9ae8-a8ad188192c8"
"7/18/2023, 11:04:14.275 PM",a9af7593544908ba,AeneasFunction,True,0,"2034.6951000000001",7ab9b55467bbb16633337a87e1bfa993,"aeneas-func","2a6265f4-0c8d-4371-adef-e94b28fc0e53"
"7/18/2023, 11:03:21.574 PM",647b02b76cded723,AeneasFunction,True,0,"2105.6912",0de4a3782e075a396d8e39cc7084b2a3,"aeneas-func","a3a2b5f5-698e-412a-b36c-0b401010a648"
"7/18/2023, 11:02:14.607 PM",abb67e94b7bfa1a3,AeneasFunction,True,0,"2093.5167",b429fd91b2756d3d5aae420510bac4b3,"aeneas-func","87b92032-401e-4690-ba8f-6d977357de04"
"7/18/2023, 11:01:23.686 PM",b9949eb717ef4264,AeneasFunction,True,0,"2076.9506",984a28f2a0cd2ab88ce2c298f4324435,"aeneas-func","460661f3-1db2-46f1-bb59-3a1ba15e331e"
"7/18/2023, 11:00:19.140 PM",77b78958d801df0c,AeneasFunction,True,0,"2106.7689",f8e9228e22e8878aad3a4533df27e715,"aeneas-func","4fe80da5-f61f-433e-9c24-24037ed4f083"
"7/18/2023, 10:59:13.962 PM",3e95e1e93efebe5b,AeneasFunction,True,0,"2129.8222",24a7fc9afb2c550ef38e5c0a05e46351,"aeneas-func","fca43ad5-e65a-4abf-ac82-a04f9ce40e60"
"7/18/2023, 10:58:22.494 PM",48ac7689e52459ec,AeneasFunction,True,0,"2031.1266",089685f07466905aa1d523f5e2983b0e,"aeneas-func","11e2e996-cbd7-4baa-96f1-e2d13f303fe0"
"7/18/2023, 10:57:15.167 PM",5f71539263e9f978,AeneasFunction,True,0,"2134.0576",ba9c097c0b2f2b5b87a901498210a709,"aeneas-func","a6da80fc-994a-4021-ab63-3ec44b039812"
"7/18/2023, 10:55:43.600 PM",034089a25e068af1,AeneasFunction,True,0,"2106.648",ac179ee0e5602c908ccb14f8eda51fa5,"aeneas-func","58814d3a-3d7e-4523-b2ed-bb6f19ae0325"
"7/18/2023, 10:55:18.502 PM",0247df14167a6340,AeneasFunction,True,0,"2040.1645",c5cf53129059391fdc79a09f9bd99465,"aeneas-func","97f47574-a585-4479-b9b2-5f463cb998d0"
"7/18/2023, 10:54:51.572 PM",c0a1a5a052349755,AeneasFunction,True,0,"2096.775",3280fab86b81dec5850e2e50ad9a5258,"aeneas-func","d0a82c0d-5275-4912-8512-b722463c8c74"
"7/18/2023, 10:54:11.709 PM",92f7493217306dd2,AeneasFunction,True,0,"2035.0181",5921bd5bfbd333b08afb0bbf1474bc26,"aeneas-func","55902743-7763-4876-a914-d308830d5f9d"
"7/18/2023, 10:53:47.872 PM",d2ed00217d3d347c,AeneasFunction,True,0,"2125.2781",fc51f100cf4ccb999d88b6e6e6e4ed92,"aeneas-func","9aee6b87-e622-42f5-9448-36f2f6a46e4e"
"7/18/2023, 10:53:20.701 PM",bc5f9a3bce32a2d3,AeneasFunction,True,0,"2129.5717",6322446f2be46c5c46b60fa5c51e7c0b,"aeneas-func","50c2425e-130e-4edc-8cfa-af646dec3500"
"7/18/2023, 10:52:42.501 PM",74d9f93ae6c32c5a,AeneasFunction,True,0,"2050.119",3efda6b22b3cd216829ac1e6b84213b7,"aeneas-func","8798405e-aa3f-4122-bdc0-091fee50dd67"
"7/18/2023, 10:52:15.155 PM",7ad71ea7c37b417b,AeneasFunction,True,0,"2122.0791",0086f53aba1b2b54d8156298dd6a5d7e,"aeneas-func","ec946535-feac-4141-a87c-34763d764cfb"
"7/18/2023, 10:51:48.905 PM",abae5663668172ac,AeneasFunction,True,0,"2123.3878",f4c4edd9836cda59315e89d75ec28185,"aeneas-func","38a3765d-cf88-42c2-8dd0-f74486bd5b26"
"7/18/2023, 10:51:22.250 PM",d8a5d1ee5c6092eb,AeneasFunction,True,0,"2093.1161",587cc0049e4470b8ab7c9873c143a8f4,"aeneas-func","1e3bda61-e93f-4038-9f38-b08e078c11a0"
"7/18/2023, 10:49:51.359 PM",1b4832e5b9c6e13d,AeneasFunction,True,0,"2463.2605000000003",0f60c7e07eb22ea98f13423d155e0bd9,"aeneas-func","cfd83031-520c-4ef3-975e-c5c1a5145e35"
"7/18/2023, 10:49:51.234 PM",6e780d6f37a15be4,AeneasFunction,True,0,"2256.413",c9d1e86d30d60f4165af72153d77fe62,"aeneas-func","e4729551-f035-4b06-9851-4182a03f29d4"
"7/18/2023, 10:49:39.070 PM",dde509da8424702a,AeneasFunction,True,0,"2043.2539000000002",e08c5fe1459ec9deffb491ed7fde9774,"aeneas-func","7c9226a7-1e9b-4cab-86d9-bb7acd41d519"
"7/18/2023, 10:49:27.667 PM",641994b66ea5dc22,AeneasFunction,True,0,"2003.98",b65c8d3f79fab928c80b7ce8f35a82d3,"aeneas-func","93beec92-d675-4341-9317-d5530fdc8074"
"7/18/2023, 10:49:13.984 PM",d13144a8a658a3f5,AeneasFunction,True,0,"2029.4965000000002",2ef84cc4e147e1f46f46345622a822bb,"aeneas-func","dc53f784-0db2-482f-be6e-f587fa2323cf"
"7/18/2023, 10:49:12.178 PM",41eb4b2b36bece55,AeneasFunction,True,0,"1992.5255000000002",25caf06415f13c78848bca190f9a50b8,"aeneas-func","81ebd21a-e204-4134-b3a0-f240827811ee"
"7/18/2023, 10:49:00.647 PM",2dff927692498d31,AeneasFunction,True,0,"2137.0636",359ef4cfb766087854d431ff9599e266,"aeneas-func","790730f9-291c-40b6-b88d-46e62f2aa47c"
"7/18/2023, 10:48:46.476 PM",1233fdbd9ef49061,AeneasFunction,True,0,"2096.6407",a17ff7d656b1e370f4e89dcde621e36e,"aeneas-func","9d9cb282-4614-4da5-96d6-5dcdb855c685"
"7/18/2023, 10:48:34.896 PM",76b4b1bb9b049151,AeneasFunction,True,0,"2290.7255",4a26ce61a10a8864e409225ae93a5b21,"aeneas-func","9ea62882-c3f7-4c85-ac68-91cfadf2096b"
"7/18/2023, 10:48:33.470 PM",6efd437b4ba648fa,AeneasFunction,True,0,"2121.4144",dd304dccd10f166c2a94535ffb1aa9aa,"aeneas-func","5ddfdfb1-545a-4192-acd2-9a5cb1412f88"
"7/18/2023, 10:47:29.494 PM",f6cb2b1cc5bed58f,AeneasFunction,True,0,"2196.056",5da2486ad021194227b0a5f049ef88b7,"aeneas-func","84c3dd89-1d74-44b0-9223-f6e6098b103d"
"7/18/2023, 10:47:28.974 PM",2c028bdaf1b8718c,AeneasFunction,True,0,"1224.7551",3e3e1769c26e67d3fae5afb35c3f272b,"aeneas-func","d6c5e8d8-97c8-44f7-b366-f5f175d0f888"
"7/18/2023, 10:47:17.449 PM",b3ed2a387256fd61,AeneasFunction,True,0,"2269.0121",9a0ffc0b4c1b9b56f28f03c77917ab10,"aeneas-func","c4d62e69-dea8-4954-8fbe-e34a7c852e3a"
"7/18/2023, 10:47:16.201 PM",668e4d8129e653fe,AeneasFunction,True,0,"2265.8431",1388e14f1a3b173abf9703f9a4f06dd1,"aeneas-func","1a85fbce-d14b-4ab3-b548-c59ff1e4e36e"
"7/18/2023, 10:47:15.426 PM",4e01c765860ec20c,AeneasFunction,True,0,"1662.6527",5f656feaae4ff738d20d2361d2fa4404,"aeneas-func","9b8837e0-2a39-440b-881c-c5b519591973"
"7/18/2023, 10:47:14.691 PM",fd541c6cffb0c923,AeneasFunction,True,0,"1869.092",948889de262312d3be48680290772009,"aeneas-func","d5835a72-157d-47dc-aca7-31d548bf36bc"
"7/18/2023, 10:47:03.912 PM",cd729a9969188d0e,AeneasFunction,True,0,"3497.5776",0bac0249aa5e73686ebbcd77c875ae69,"aeneas-func","87dab00d-5a47-42cc-ad43-ca18aee6c368"
"7/18/2023, 10:47:03.452 PM",050454108f93384a,AeneasFunction,True,0,"2315.9626000000003",0417324b92cd8273af964cb35e3a1925,"aeneas-func","2434b2b7-a22b-4203-b1e4-0342b4deec1e"
"7/18/2023, 10:47:02.929 PM",7bc43b6ad9de4d24,AeneasFunction,True,0,"1256.7439000000002",69812f64771dc827e9760839f6434b28,"aeneas-func","157bb7f6-093f-4383-923f-a38b30ecd935"
"7/18/2023, 10:47:02.415 PM",46409ad6054e0cab,AeneasFunction,True,0,"1321.4185",407305bf6faadfe30d993d5a6e3e5d88,"aeneas-func","8a735662-cbe9-46ad-82a7-df2f8d936b45"
"7/18/2023, 10:46:25.340 PM",4ba9c45957c6e172,AeneasFunction,True,0,"2668.1521000000002",7bbded0bb445a88a0dc8095f7b5fdadb,"aeneas-func","13559448-8efd-499a-9dd1-c0ea4c8d43b1"
"7/18/2023, 10:46:25.050 PM",b63d99d3718150b1,AeneasFunction,True,0,"2572.6801",319488cb14f05ea25b04bde5b91a1740,"aeneas-func","a58acc51-cf4a-4d04-b699-61aeb2d422ae"
"7/18/2023, 10:46:24.096 PM",56a6f401b4d22716,AeneasFunction,True,0,"1941.5995",4666056b1e265eb6512512d662adc251,"aeneas-func","eb40f753-2b7e-405d-89fe-5fffa978fb86"
"7/18/2023, 10:46:23.428 PM",b97e6905bae072b1,AeneasFunction,True,0,"1428.1948",00f8a5a26f9d0d7fbc9ed028571fc5ab,"aeneas-func","267c4385-2c3f-4c94-bb53-920f99cec815"
"7/18/2023, 10:46:22.873 PM",ebe27b889e499d57,AeneasFunction,True,0,"1361.453",52d788df96a6374030f7498aea02b9a9,"aeneas-func","e22adae9-44f9-4867-a1dd-46c6bc787e08"
"7/18/2023, 10:46:22.222 PM",41d01789a5846d45,AeneasFunction,True,0,"1525.0729000000001",0d01ceeb3c15e879533358e0e7fc7eca,"aeneas-func","2d36de03-0ffc-4548-85a9-b74f101a3d3c"
"7/18/2023, 10:46:11.657 PM",6f6422b0495fa539,AeneasFunction,True,0,"2364.9491000000003",e27b0dd36dc2f4264dcf9b15300b1e14,"aeneas-func","f4ed042a-2e5e-449e-b62c-863c12692148"
"7/18/2023, 10:46:10.580 PM",ce2ff71db6bb8ec9,AeneasFunction,True,0,"1958.3674",f7a377655d1174db8cf822ba6714e8de,"aeneas-func","2077af9c-1c2a-41f2-b1b3-55abc316b808"
"7/18/2023, 10:46:10.058 PM",9ab7845616cfd5bc,AeneasFunction,True,0,"1927.3975",53b2ebea60fe8adffe5592b93b89d84d,"aeneas-func","f6426fe6-b628-410e-bbcb-ad7ee706ae10"
"7/18/2023, 10:46:09.213 PM",3187686d9ba79da1,AeneasFunction,True,0,"2053.3356",2631f358fecbf01b66a60f119836b8c7,"aeneas-func","e6ded737-ddc1-4089-8d5d-6e4108a020ee"
"7/18/2023, 10:45:20.024 PM",16e3e012fc24c2b1,AeneasFunction,True,0,"896.7973000000001",d4d655931ca9b1625650c0be749cb535,"aeneas-func","25da64ee-17d2-459d-892c-11770c637f57"
"7/18/2023, 10:44:13.954 PM",4b069c76161942f0,AeneasFunction,True,0,"905.2397000000001",bec640dc5e80586cd145309041a39ab2,"aeneas-func","ec84cb03-8ec5-40f5-9bab-0dfc858bfa62"
"7/18/2023, 10:43:12.595 PM",340d0db5c7136dd8,AeneasFunction,True,0,"854.4968",af7f17a9545c5751b4604d8c9721eb28,"aeneas-func","cee8e452-53b4-494a-9455-41703ecbaf7f"
"7/18/2023, 10:42:19.809 PM",fd41faa26ee3a3bf,AeneasFunction,True,0,"994.2463",094a515a96eb44eb5cf9fbbad064d90f,"aeneas-func","4024be28-e472-4ee5-8abe-4c063951ae88"
"7/18/2023, 10:41:15.931 PM",8c2eed9909bd019f,AeneasFunction,True,0,"914.4758",04cfd0fbc1ad726fabf504cdd8d05f30,"aeneas-func","8d363be2-21d5-4d57-9da1-843bd4844cf0"
"7/18/2023, 10:40:13.295 PM",ad08f66b16861754,AeneasFunction,True,0,"887.5053",632eb6e8aca97b67245ab86a6ba11005,"aeneas-func","672b5632-f8b1-4b68-af7d-56dbaa9a75eb"
"7/18/2023, 10:39:20.371 PM",d575916ebd77f4fb,AeneasFunction,True,0,"897.8804",8f9b62da1902b6953b924af8554a5f1a,"aeneas-func","2aad0360-c937-4323-8b67-3980977f3317"
"7/18/2023, 10:38:16.849 PM",ec136b90eb2deb4c,AeneasFunction,True,0,"885.214",e401ab7f2160bcdaec326799307c292e,"aeneas-func","4a765105-ea47-4c44-bacb-b6c8015421f1"
"7/18/2023, 10:37:14.264 PM",1d4f49cf6f45d3de,AeneasFunction,True,0,"888.1481",7f1cff862431a32df9e55963f708eaa6,"aeneas-func","943046d9-4ad0-4466-836d-c984d57927d2"
"7/18/2023, 10:36:22.089 PM",47260d96212eca3b,AeneasFunction,True,0,"869.1476",62891f2b253f4b4098c486c80c3bd85e,"aeneas-func","3d0eaadd-9f73-48b2-ad17-87b302146c1c"
"7/18/2023, 10:33:11.455 PM",ada17cdaa94be304,AeneasFunction,True,0,"884.6805",7d3b5f4185de84358e8317d12210517f,"aeneas-func","36608f70-b767-42b0-9d4a-88779733672e"
"7/18/2023, 10:32:46.809 PM",38808a5b05ff3c5d,AeneasFunction,True,0,"888.8358000000001",df32536c512ed838b8300ffe60459e96,"aeneas-func","6f9cb2c1-f7b0-4f25-9d34-61df017a0fa2"
"7/18/2023, 10:32:20.213 PM",920e1b2bbaa4f12b,AeneasFunction,True,0,"873.0443",b3c00b000d1f06a1c73934a0b41deecd,"aeneas-func","9d9219ff-acdc-470c-a845-0268118be328"
"7/18/2023, 10:31:44.113 PM",ad44b2976fb819e8,AeneasFunction,True,0,"871.9699",8851444b33fb25b9458a263256d83597,"aeneas-func","e8b73c4c-74d8-49c8-ad86-39e401d44620"
"7/18/2023, 10:31:17.143 PM",90860b1431de9eb5,AeneasFunction,True,0,"899.5388",73ec965a30bf4f737cc7880912f7b1af,"aeneas-func","445c7de6-9b97-4c62-a225-842c827929ab"
"7/18/2023, 10:30:51.091 PM",8048a828895d720a,AeneasFunction,True,0,"866.9209000000001",bf4170667d3c6470032b4bd3ce2c27b7,"aeneas-func","7208b8ab-7d94-4086-ba9d-d651960b50e8"
"7/18/2023, 10:30:14.558 PM",12bbfd1461c80215,AeneasFunction,True,0,"848.7076000000001",f58622388117221daeac7203348f8b52,"aeneas-func","12b918c3-1056-4126-b17e-581ec58d0980"
"7/18/2023, 10:29:49.785 PM",493a8bc1bd4960eb,AeneasFunction,True,0,"899.9529",1abdded2c278eb0511297878a052ac4a,"aeneas-func","352440bc-407f-406d-96c1-180f159c1f61"
"7/18/2023, 10:29:10.825 PM",fde225e385cd90a1,AeneasFunction,True,0,"891.5367",784136df3bfa98865c5fff6bf4bd7213,"aeneas-func","39fc873b-70f5-464b-9c78-b3d54171ddca"
"7/18/2023, 10:28:46.640 PM",af59ce5b0fde94b5,AeneasFunction,True,0,"833.5996",5ff2fa20f6666f31c8eba61f1bf8d036,"aeneas-func","a9e09b71-bb42-491b-a581-d71f25ebb76f"
"7/18/2023, 10:27:42.599 PM",5eb2da522c7cd863,AeneasFunction,True,0,"910.8066",0052cb97f2a8eac0b5b1e1aee40b83ca,"aeneas-func","7f3ca9b0-bfdd-4292-9427-e1905c1d932c"
"7/18/2023, 10:27:41.855 PM",7a21a6b3b6afde98,AeneasFunction,True,0,"914.6113",eaa88595e4acfeaf68865f2ce8108522,"aeneas-func","486ffefd-abc9-41f7-bf68-1935edf61f31"
"7/18/2023, 10:27:29.744 PM",050dfff7f5798ce4,AeneasFunction,True,0,"875.0165000000001",02ee779ff7ebf1e792309cacd5643c28,"aeneas-func","4bae4fc2-b63c-4001-8940-0f845ae54a5f"
"7/18/2023, 10:27:17.398 PM",90d6543b289148ea,AeneasFunction,True,0,"900.8221000000001",d65ac8008939cbc4671d9f6a89c8858d,"aeneas-func","60c53e7a-b777-44ea-bc64-eb8b1b195898"
"7/18/2023, 10:27:05.446 PM",2312fcdef6b57ced,AeneasFunction,True,0,"915.2611",36f284092d4f6f13b77b3686e79aac5f,"aeneas-func","cc65ef60-b2c9-4e1e-bf5f-30b88df75b92"
"7/18/2023, 10:26:52.206 PM",b9fb619e5d73c672,AeneasFunction,True,0,"841.3486",7595c4ba61d5b448e11329205da215d7,"aeneas-func","30c5bcc7-20d7-43b4-bc26-f930a13dc89f"
"7/18/2023, 10:26:51.121 PM",1584ecdcfb15d8fe,AeneasFunction,True,0,"848.0677000000001",ac62815ae5eeb4392189b9742fae15e0,"aeneas-func","b6e740ad-5274-4183-b9e9-a42fdd10649c"
"7/18/2023, 10:26:37.613 PM",a7bbbb23f349a0fd,AeneasFunction,True,0,"856.4242",761564618014cd988f62f87b41997168,"aeneas-func","5510d25f-a778-4ab6-b889-e3a892a5ce4f"
"7/18/2023, 10:26:26.294 PM",005220a911152528,AeneasFunction,True,0,"846.3504",9d3c857853678aeffbf7c0b9a87d9f30,"aeneas-func","0dd64b24-f1c8-4357-9bcc-f814479e32eb"
"7/18/2023, 10:26:12.616 PM",a6b07badae2f7e10,AeneasFunction,True,0,"880.5880000000001",780a47217a564ef2079250e112967301,"aeneas-func","ea2f581f-be4b-441d-b77e-2d5fbfc9b21e"
"7/18/2023, 10:25:48.226 PM",afee449abe1c8ca7,AeneasFunction,True,0,"860.4146000000001",b8a2a7c9828527e2a3a14b12089cca3d,"aeneas-func","d000513b-7a1b-4b62-9788-809bcd248442"
"7/18/2023, 10:25:35.626 PM",7d09381a6a3c5336,AeneasFunction,True,0,"1049.5072",eb967542dbb9a450e88515dc0dfbb58d,"aeneas-func","c0b1fca4-6ef2-45b6-9302-fafdf99c920a"
"7/18/2023, 10:25:35.187 PM",3ab3207356968376,AeneasFunction,True,0,"1342.092",e5b221f384f6c5984efbc111822d1204,"aeneas-func","317b93bb-4757-419c-891f-0295773cb2b0"
"7/18/2023, 10:25:35.070 PM",a9887c918081e016,AeneasFunction,True,0,"1011.9167000000001",9552b3d84be64d5fbd16b318531c9750,"aeneas-func","6a9faf61-f543-42c0-b641-20697261e4d1"
"7/18/2023, 10:25:34.794 PM",fd2523d703b4dfa7,AeneasFunction,True,0,"1031.1029",ba042732cd4364113d3b417a3e0e7d59,"aeneas-func","635a5f05-39f6-4880-88bd-280ccdcb84b2"
"7/18/2023, 10:24:59.199 PM",b0370d50c9124d89,AeneasFunction,True,0,"961.5291000000001",1e58cd0f00ced3f935bfc0a4fb8da65b,"aeneas-func","06864970-d931-42fc-9c46-8e13931af61c"
"7/18/2023, 10:24:58.715 PM",38810a75a12b17c3,AeneasFunction,True,0,"1166.2188",8fe05c7f49e3874a32a109ea8a296eac,"aeneas-func","139678f6-e377-4f6a-b180-ea405d035c5b"
"7/18/2023, 10:24:58.304 PM",37d3c04680abfa2a,AeneasFunction,True,0,"871.51",2cd5d6af2ae0205f2f6d2d0bb6dc7c5d,"aeneas-func","f73d0cc0-cbef-4e2f-a743-788e92d880bb"
"7/18/2023, 10:24:57.690 PM",baa052a302f34b37,AeneasFunction,True,0,"879.4506",f3f8bce0fd46d0306ff262c0d1cdbb29,"aeneas-func","1864305f-d2ad-407a-b39f-762c147e4a7c"
"7/18/2023, 10:24:45.727 PM",0abbe9ba8cb590f8,AeneasFunction,True,0,"873.2424000000001",a81e8b55d8f676ceff9be255b29d2332,"aeneas-func","90c566f3-174d-4988-a2f5-889362144edf"
"7/18/2023, 10:24:21.578 PM",432fdded93519d20,AeneasFunction,True,0,"1908.5933",864ad33c85971e6f401e3062572b097a,"aeneas-func","d6cd59cd-4524-4064-9623-be86f3bf1a6b"
"7/18/2023, 10:24:21.575 PM",9f513fdfc27d3167,AeneasFunction,True,0,"1911.3911",fc7c2c3280a6f18016b12d07dbd6f896,"aeneas-func","7d61db4f-109a-468f-972f-a1b3eea05bcb"
"7/18/2023, 10:24:21.220 PM",4cb96797e4847118,AeneasFunction,True,0,"1928.0534",ccfcc5fb88af955a1919f6ae39450a72,"aeneas-func","2cae4d17-9c38-4201-8b0a-ebc8d2fb609f"
"7/18/2023, 10:24:21.111 PM",8e3db646d7d18262,AeneasFunction,True,0,"2042.3026000000002",e64ecee7720cfff9aa4401ba6c1c3fbc,"aeneas-func","ee09f52a-1b71-4e75-a6f7-a25a4aefc5cd"
"7/18/2023, 10:24:20.458 PM",c3e1d3058fc18f3f,AeneasFunction,True,0,"2351.2304",3e2f60fa2f64aca18a39a066cb33e565,"aeneas-func","34cbeae5-16c5-40b7-8005-bdd327083863"
"7/18/2023, 10:24:20.304 PM",4561522b7f21ce5f,AeneasFunction,True,0,"2824.696",2d3daea4341ab826237dbd6f8a47ae98,"aeneas-func","45fbc9d5-2d75-4657-b61d-842369d37aef"
"7/18/2023, 10:24:19.854 PM",7a9375fa221287ad,AeneasFunction,False,0,"1153.0425",fcfe8c1fa59b1a817b7c9edd9ca57f53,"aeneas-func","e1654978-fa9b-4ec5-88db-2900f3614f4c"
"7/18/2023, 10:24:19.750 PM",74be24f5ce37c70e,AeneasFunction,True,0,"2160.2688000000003",51e624c9f8465555067a45c0a181624e,"aeneas-func","b85c18d2-2027-46fb-9c7b-27659da2ca94"
"7/18/2023, 10:24:19.255 PM",ff558b1b6b9d220c,AeneasFunction,False,0,"2083.6899000000003",601d9e7288abc03c82d1f4b785c5ba92,"aeneas-func","3039ec31-a17d-4b9b-86b3-202ff2301b6f"
"7/18/2023, 10:24:19.246 PM",93493f215de66fb7,AeneasFunction,True,0,"2224.0858000000003",9bb2d775a480ea36d94a8d0c96b10b11,"aeneas-func","cdc14bb5-e7b8-4fbd-9069-8bacb0dd3fcf"
"7/18/2023, 10:24:18.699 PM",942c7a90fc2d8873,AeneasFunction,False,0,"2651.9478",7847944637a3e41603e1c6daffa19c82,"aeneas-func","1f49bd5a-74f2-41cb-9a41-05857e3912cf"
"7/18/2023, 10:24:18.581 PM",65b228ad97937700,AeneasFunction,False,0,"2547.4285",0502c87b9dd2c87cd0e2ab4576224207,"aeneas-func","d2a032f9-42b0-43ec-89b3-9ecbb390380e"
"7/18/2023, 10:24:18.159 PM",c7d3645f788f426c,AeneasFunction,False,0,"810.8628",e3a74969c0983794c66fe1c2b4a4ac98,"aeneas-func","2c1c199b-f226-4e18-8814-8c6ccc568bd1"
"7/18/2023, 10:24:18.071 PM",354ccbb810ac1c6f,AeneasFunction,True,0,"1624.9416",476b627728656872777a45a474f3c445,"aeneas-func","915391ae-108d-4631-936f-5dd0faea8a34"
"7/18/2023, 10:24:17.617 PM",75d3261214f3b299,AeneasFunction,True,0,"2079.7943",0ea398412adc5298a8b4f4b58cb5b5b0,"aeneas-func","cf91606b-1071-416a-997f-cf18cf4cb515"
"7/18/2023, 10:24:17.509 PM",87cf8e96aa7d032e,AeneasFunction,True,0,"1980.413",622527038ef41f12928e51f7347ab94b,"aeneas-func","f3cafec8-4c87-44a3-b173-524d39eda13c"
"7/18/2023, 10:24:17.364 PM",4ac6682a7a1fee65,AeneasFunction,True,0,"2321.5189",8b6b48664e84e847d7cb54fd2fa5699e,"aeneas-func","cf1ec3d9-df18-4a6d-9c9e-beb43a164f52"
"7/18/2023, 10:16:27.090 PM",e6a525e1ef3bc6c3,AeneasFunction,True,0,"9128.08",09d8282fbf4cd96e72b8fa115870c065,"aeneas-func","a90c87a6-7542-4682-894e-2dd66664c5e8"
"7/18/2023, 10:15:24.111 PM",336f23c993942004,AeneasFunction,True,0,"9466.9542",57156000e2c00a3245d3ac724f41f1b2,"aeneas-func","d05ece29-b20c-4c40-902a-efda81c6e277"
"7/18/2023, 10:14:23.762 PM",229a50522e6685bd,AeneasFunction,True,0,"9799.440700000001",64cd897b85715fdd557eb3d7e8db19f4,"aeneas-func","bda9ead3-1498-4134-b768-a89f77720a9f"
"7/18/2023, 10:13:32.268 PM",74e44e159878c053,AeneasFunction,True,0,"9442.422",a1e2aef2c73af475ee6d37208e74fad4,"aeneas-func","3b5f1a76-e7fc-4e85-b53f-74dc021f0342"
"7/18/2023, 10:12:30.919 PM",2bd05b75fc6eb293,AeneasFunction,True,0,"9560.0112",2e7bc57c537a0d56dc599f2c1439983a,"aeneas-func","3ab4605a-662b-4de1-b5c3-dad2accf4c7e"
"7/18/2023, 10:11:16.905 PM",bf69cd32c1b3464a,AeneasFunction,True,0,"9560.536900000001",03a573c173c97549c133c7d26f6c4eac,"aeneas-func","8d0a4156-9ebc-4b95-8292-319b7329ac09"
"7/18/2023, 10:10:29.012 PM",04f224703b943878,AeneasFunction,True,0,"9299.6715",c00a3d89c0c48bd4b048c100ebb41501,"aeneas-func","785f8e8f-e426-41a5-81eb-bda609f567af"
"7/18/2023, 10:09:26.597 PM",99eb437afbe7a731,AeneasFunction,True,0,"9548.3916",7c7a68eaef25b8355b510c779ede8251,"aeneas-func","eaeee621-8402-43e8-b9d1-0494c1301199"
"7/18/2023, 10:08:23.501 PM",df98f35e3338f592,AeneasFunction,True,0,"9607.5082",ba2c19e5529385f2a9476b0b74ed53ff,"aeneas-func","9dd94707-5c35-4578-98a0-645e34147aad"
"7/18/2023, 10:07:21.860 PM",e428df47bb25ebb9,AeneasFunction,True,0,"9110.8388",7bcb3d01846b6a57584b34ea8565e563,"aeneas-func","5aa4d19f-8f9d-497a-a46e-e833427c998f"
"7/18/2023, 10:05:55.276 PM",22a5bdaa2edae482,AeneasFunction,True,0,"9663.513500000001",9fd8afe8e75eb27c51da2dcc9d9cc21a,"aeneas-func","8a986c0e-e94a-4e08-a9ae-119f50fe7438"
"7/18/2023, 10:05:19.205 PM",582ec5f6428e9251,AeneasFunction,True,0,"9578.153",354d85339822a6cb2d25fa1aa020168f,"aeneas-func","c08e8cf2-4449-4073-8b53-bdfee8aaa73f"
"7/18/2023, 10:04:53.631 PM",7432567ea7d92c62,AeneasFunction,True,0,"9772.6483",05859f75abe74aa2e59f52b1aaca440e,"aeneas-func","c8e98d04-2d3e-45f7-a164-f05c456a2e13"
"7/18/2023, 10:04:29.392 PM",6a16fc904fd8a064,AeneasFunction,True,0,"9514.003200000001",f5b8165330117f8a6a36ae9c779d10d2,"aeneas-func","9f031605-a276-46dd-a34b-b2b3f5d07e31"
"7/18/2023, 10:03:52.682 PM",848f03dc79ba52d5,AeneasFunction,True,0,"9433.1873",219518272e2dd351cec5e46dd0632c8a,"aeneas-func","6cf4c625-87b0-486b-a62d-725119b83c39"
"7/18/2023, 10:03:26.932 PM",46e90332547e5b6b,AeneasFunction,True,0,"9513.9649",28b80a9c4ad655383ec904c48f225756,"aeneas-func","02a0b9ac-e68b-4912-800b-d43dc6780958"
"7/18/2023, 10:02:51.197 PM",e5342a7f9dc1b41f,AeneasFunction,True,0,"9206.3904",91c356f05c7a82184ef54b6a25ddb0bc,"aeneas-func","a6f2a5a4-f1f7-4218-be83-91a406d1ebd7"
"7/18/2023, 10:02:26.007 PM",194562855a9039b3,AeneasFunction,True,0,"9344.346300000001",155dab85df463931da54668a7eb83447,"aeneas-func","70bc044f-6cdf-4cf5-bcd1-6f124594dc42"
"7/18/2023, 10:01:59.959 PM",fca38927aa6edb51,AeneasFunction,True,0,"9609.0555",33c51730ba1db6a854bc322f1a770c76,"aeneas-func","977e55a5-49d0-4b2d-9573-8be8bd6acf63"
"7/18/2023, 10:01:47.861 PM",1a632c0c4579bf86,AeneasFunction,False,0,"227.11370000000002",c65c33f050f8bdf42e04ab250acc37ef,"aeneas-func","96212a40-25e2-41b3-8118-fc2c84c68838"
"7/18/2023, 10:01:23.527 PM",97c5470459b35785,AeneasFunction,True,0,"9491.8739",08212ffc37ff0167d3ed3a0b26af6d77,"aeneas-func","c708a687-666f-43d8-a8f3-960696d74a63"
"7/18/2023, 9:59:58.352 PM",bac5c09237d2e07e,AeneasFunction,True,0,"9126.8811",84ceac1c1dfe04ab588f8469f0ca95c1,"aeneas-func","120df39c-78bf-4d0e-86ac-b2284e5824ff"
"7/18/2023, 9:59:45.364 PM",67e3ef78325eb734,AeneasFunction,True,0,"9462.8574",d8586aec9b504851c16b59a2192c4f4a,"aeneas-func","1dd7949d-300d-4ffa-a9f3-a3c7771fef89"
"7/18/2023, 9:59:20.248 PM",afcc1466532b1121,AeneasFunction,True,0,"9491.0661",6ceb5905de933b30cbae79114254ee09,"aeneas-func","5ac9be71-0d18-46a3-aa3b-bd0e43da97f6"
"7/18/2023, 9:59:07.586 PM",0c89dada34de3003,AeneasFunction,True,0,"9572.51",e986adc0bb580b26395584a8ee6abddb,"aeneas-func","5d35b215-d4dc-4851-9153-e0b5ca2f47eb"
"7/18/2023, 9:58:44.885 PM",a7ce4da2a850d9bf,AeneasFunction,True,0,"9400.088",786ca4abf4495c2f2290848f3d122548,"aeneas-func","e40e9ea3-f12d-49c4-a0fa-3d6e0a7f1d6c"
"7/18/2023, 9:58:19.998 PM",d04bf519d89dc85c,AeneasFunction,True,0,"9703.4012",9eaa574ea7221e7095b6ea2a04499818,"aeneas-func","e93dac61-21ba-4d9d-929d-94933d81af40"
"7/18/2023, 9:58:08.549 PM",92d5065271af6e0b,AeneasFunction,True,0,"9480.2783",fc17c2388fe6ab8100bbb00f43c775d4,"aeneas-func","af711d5c-c510-4497-86be-bda529c665e9"
"7/18/2023, 9:57:43.296 PM",07a124410cb60998,AeneasFunction,True,0,"9504.8322",3cd50e6368531c65d1626d090025104a,"aeneas-func","ed30ab77-f4f6-44f9-8b91-26281a68747f"
"7/18/2023, 9:57:18.010 PM",48906c6002720f3d,AeneasFunction,True,0,"9264.2909",c982ddb997bb102c3578bf5131b6a56f,"aeneas-func","780158db-ffd2-4695-b1d1-d9b39b77c12f"
"7/18/2023, 9:57:05.558 PM",22f935eec36b17fa,AeneasFunction,True,0,"10122.1272",ef0b1db1358cb44520609dac412adf3e,"aeneas-func","3f8ec2a3-8a97-42e8-941b-c5f15dcfa415"
"7/18/2023, 9:56:05.178 PM",00953f1ead3bd1ac,AeneasFunction,True,0,"9281.1404",71d3b74e2fc2088be5da33a581d5369d,"aeneas-func","39e2585d-d6ed-40f3-b66a-33c58c639564"
"7/18/2023, 9:55:52.931 PM",48a8bc5430ff5306,AeneasFunction,True,0,"9414.499600000001",76de9ee70ed5ad040a142bb8134206fb,"aeneas-func","5ebbfa57-52bd-46b2-a582-52178f2fb0c2"
"7/18/2023, 9:55:29.623 PM",1d358ccebcd7c217,AeneasFunction,True,0,"8963.7921",63a991cd969395d2dac2dd92b8b24346,"aeneas-func","0f8a4573-ffe7-4e66-a256-b4cd5d924684"
"7/18/2023, 9:55:15.735 PM",6152923bbbae8594,AeneasFunction,True,0,"9516.9256",6aab4a09a46ab8aeea379cb39d87f1ee,"aeneas-func","f442bf60-24b7-4938-9c9d-af3315eaf2dd"
"7/18/2023, 9:55:03.463 PM",126ffa8052543e83,AeneasFunction,True,0,"9445.288400000001",a6eb5877d68c3f0c8e2ba12c29a0a104,"aeneas-func","b20a1d7a-3fe8-4f84-84c9-ee3c70c3d946"
"7/18/2023, 9:54:51.632 PM",318b0c0b373aa43e,AeneasFunction,True,0,"9485.6722",3a3c08e2405741734a8b3ee6385c1635,"aeneas-func","ef31f85e-ba17-4e98-9369-4e00e6ed5c13"
"7/18/2023, 9:54:38.895 PM",a229d70536d76fcc,AeneasFunction,True,0,"9294.5723",fc3c6af2cf12403d067dae76ee791c28,"aeneas-func","1fcfe29f-9678-4e6f-b2d6-c501f1b5eaa7"
"7/18/2023, 9:54:27.193 PM",4999f88bf7ab2d6a,AeneasFunction,True,0,"9426.8712",380d364576484fddf0526a3161fd35eb,"aeneas-func","097bca71-884c-4f38-bc6b-5549b1921bc6"
"7/18/2023, 9:54:15.529 PM",8d2cdb7b72f34425,AeneasFunction,True,0,"9474.3039",78a13b870a7720f4dc54458071736a82,"aeneas-func","537a1e38-20a2-4ff9-a8ab-a797fbbe86c3"
"7/18/2023, 9:54:02.334 PM",792e23fc8f7c00d3,AeneasFunction,True,0,"9682.949",b158b2cc263661cbb3859bfa33299a47,"aeneas-func","ab8d1b25-1cac-4f1e-8dc3-bc3d86106cfb"
"7/18/2023, 9:53:15.248 PM",f383822ab2c7a0fb,AeneasFunction,True,0,"9683.129700000001",b6f38949f0b7a045a97c57d085dcfc73,"aeneas-func","96d2da96-5246-4fe7-b6a0-7bbb745f5a5e"
"7/18/2023, 9:53:02.163 PM",9fa1e9adaca9b19a,AeneasFunction,True,0,"9407.1157",36ae2a64031de283df629f474fa52b05,"aeneas-func","67ba0f2f-1958-4beb-b7e3-aa87c2343669"
"7/18/2023, 9:52:49.644 PM",6d8b43937e3e2c5a,AeneasFunction,True,0,"9347.3997",22e0b1663fc8b8e869b5fc60eadd0872,"aeneas-func","1ecb962d-5636-4dab-a58e-9b11d41018fa"
"7/18/2023, 9:52:38.388 PM",2af834e3e55f91dd,AeneasFunction,True,0,"9573.1795",53c42a218d29dd5d993ae90f9d8378e7,"aeneas-func","1db274a4-4790-4bee-9129-2139152b77e2"
"7/18/2023, 9:52:27.213 PM",0ebb5399caf5e4cc,AeneasFunction,True,0,"9421.0328",2f15293c7b3bd690d6df009eb02f0c46,"aeneas-func","8081f016-04bb-4fd0-acaa-9539363ae5a2"
"7/18/2023, 9:52:14.836 PM",3638c406b8cc3e1e,AeneasFunction,True,0,"9798.522200000001",07d2431f70100ba6e664bc849f30a6a0,"aeneas-func","5da18283-5dfa-4af2-b942-aa8ab080708c"
"7/18/2023, 9:52:02.129 PM",375c299991ddaf9a,AeneasFunction,True,0,"10313.17",63660ea68beb19dacb229ccd45b36f60,"aeneas-func","4f2162f1-5469-4f9b-b98f-6f174c3d029c"
"7/18/2023, 9:51:49.214 PM",b9afcb26a11aedd8,AeneasFunction,True,0,"9631.224900000001",b7bd187de4ac094b5c36fa944ed060ae,"aeneas-func","ae805207-10f2-4dc6-82f0-9d014ce8c05c"
"7/18/2023, 9:51:38.070 PM",c20707709d37cbef,AeneasFunction,True,0,"9538.052800000001",4c2e7f693b184ea80d8da52188a3ecc0,"aeneas-func","af4dea37-c420-4894-aeb9-6e4696a4df05"
"7/18/2023, 9:51:26.561 PM",fe6665067fef723c,AeneasFunction,True,0,"9817.7131",dc4a8b2bc8c4584236c194d79b041aea,"aeneas-func","851d2c59-c49c-41be-aec0-5e5691e58da4"
"7/18/2023, 9:50:12.963 PM",ea10968d2a650243,AeneasFunction,True,0,"2161.746",e86c7c3f353efa0a0809cefded7b437b,"aeneas-func","bc95f6e8-a8b2-4669-b79a-93dc6242570b"
"7/18/2023, 9:49:14.038 PM",5d9b2f637eaa98d6,AeneasFunction,True,0,"2128.4577",3f6092aa13909d282f32966a9dc3c0b0,"aeneas-func","a19cd1f8-d101-486e-874f-ba1195eb7362"
"7/18/2023, 9:48:13.141 PM",ca9b114b0501028d,AeneasFunction,True,0,"2027.4525",ddb512c28b6c6b6685380def12c670fc,"aeneas-func","f55165c1-7ba3-4374-b803-83543d681173"
"7/18/2023, 9:47:12.995 PM",6cd0fda88ad29f08,AeneasFunction,True,0,"2207.0197000000003",0b493d607554fe717b2fcaa3469b3bf6,"aeneas-func","e5443082-1605-4b2b-9f6d-1823aba90f75"
"7/18/2023, 9:46:12.428 PM",72d0828e31b70732,AeneasFunction,True,0,"2199.9790000000003",3b3f5a132107e161771667b3c7c9fdc3,"aeneas-func","f18eb5de-4037-4d9e-a599-f2466ae8bfd6"
"7/18/2023, 9:45:11.954 PM",4a6bf84e54290d4b,AeneasFunction,True,0,"2194.0655",9edf281cf36f0aca624d45cfc38a5f5e,"aeneas-func","8b343f38-0e8a-44c8-a226-baa9bc246568"
"7/18/2023, 9:44:12.593 PM",8badbe80a0178061,AeneasFunction,True,0,"2092.4996",d7daf774044cf1ef1be3345e8d06b7df,"aeneas-func","b1c5128e-f33b-4c57-a1a2-14df01fdfb17"
"7/18/2023, 9:43:12.833 PM",feba04d0d1167bd2,AeneasFunction,True,0,"2160.696",1cf6b942df521d70962a49fc13700422,"aeneas-func","b312c583-300b-4c8d-ac0b-386406e4b744"
"7/18/2023, 9:42:12.109 PM",9fb52c11164a703c,AeneasFunction,True,0,"2174.1965",58ab7a5dc70ab141f9df37555f1d34c6,"aeneas-func","836b2165-0cec-4830-9856-86a021e49f3a"
"7/18/2023, 9:41:23.960 PM",1509efb8aaf41748,AeneasFunction,True,0,"2111.7487",ed4c0642e83ce5779c422756cf9e4643,"aeneas-func","837c4018-e744-436b-9310-31de777edea8"
"7/18/2023, 9:39:49.283 PM",83be6daf217a0e08,AeneasFunction,True,0,"2080.1209",431b3785951ac2ce15c3e548340bc701,"aeneas-func","046bb3d7-0caf-4c94-9d43-7cadcb1ce26e"
"7/18/2023, 9:39:12.448 PM",ae402b51f2ee86e4,AeneasFunction,True,0,"2144.1883000000003",7bfd6333664c54f900026ced5f9ab4cd,"aeneas-func","a300c4ff-ec0c-4d89-a46c-5624dde80e49"
"7/18/2023, 9:38:48.892 PM",fbe64ecbb4595420,AeneasFunction,True,0,"2090.7399",b409b9b94b01c911b7bcf61ee9a339a2,"aeneas-func","56d74f86-5aba-443f-81b5-45e8bdbb9bc9"
"7/18/2023, 9:38:12.448 PM",ff3a56605e7ab91d,AeneasFunction,True,0,"2241.2484",5510264c7f426446b3b504dac9131dfd,"aeneas-func","9fd710ad-2e18-4768-8760-f961aac4caf7"
"7/18/2023, 9:37:48.531 PM",36a773e1f73bd559,AeneasFunction,True,0,"2018.2436",7740a5d62f77ffbdc006c4a599702856,"aeneas-func","c3e66128-31fe-4931-a524-0d45e4713852"
"7/18/2023, 9:37:13.692 PM",a490b5dd7f54d183,AeneasFunction,True,0,"2202.4504",da4c5cdff392bf7233f4e7d3425225bb,"aeneas-func","c522c8ea-01f3-4fb6-bfac-4def06070c18"
"7/18/2023, 9:36:48.777 PM",db6537c94be38ca1,AeneasFunction,True,0,"2054.464",ad08bfa5a635ba96d2fe389bb424fc45,"aeneas-func","f7c40ec2-418f-4092-98f0-8ff6ed8a6432"
"7/18/2023, 9:36:12.429 PM",1294fac69f6758ce,AeneasFunction,True,0,"2129.4536000000003",d888c2356ae4dbf250e446363c2fd354,"aeneas-func","5c5af063-390d-470f-911b-71ca8117d803"
"7/18/2023, 9:35:49.325 PM",477d73478114c2a6,AeneasFunction,True,0,"2076.3026",b3e9e97cb7e83b74d5aac7f718ff3b81,"aeneas-func","60c92878-1bfd-449a-b763-4fd76b156896"
"7/18/2023, 9:35:13.060 PM",f92a889e501a7b1d,AeneasFunction,True,0,"2129.1182",bcc5ef4cac82b5f073c70161d37dd1e9,"aeneas-func","74342bc3-216f-46bd-95c0-ca0d5638c8a9"
"7/18/2023, 9:34:01.910 PM",6c0252d2cc9f3091,AeneasFunction,True,0,"2018.1997000000001",b9d14da65a2d0a4e34aa9f3278ac52eb,"aeneas-func","7b1e4d6f-f048-4740-bee7-ab3a7070d697"
"7/18/2023, 9:33:48.666 PM",13aec7fc1b22581e,AeneasFunction,True,0,"2068.1973000000003",f59d27f52435f07fdcea1cf9dfae4990,"aeneas-func","4a4f1fa6-0045-437b-8a47-36a0beb8faaa"
"7/18/2023, 9:33:37.530 PM",bf4a28519f8d2a7b,AeneasFunction,True,0,"2026.4864",cc22a35eb63326abbcf291516b5a4862,"aeneas-func","cf1685c5-d1fa-4444-a229-7e75f2818be2"
"7/18/2023, 9:33:26.342 PM",f605beb00014b94b,AeneasFunction,True,0,"2145.3902000000003",aca8e7a0b492331397faa0c1bd5b9f95,"aeneas-func","bf43d4ca-2adf-4dfd-a8b2-6b56b24957a6"
"7/18/2023, 9:33:13.702 PM",882cc7df59930c30,AeneasFunction,True,0,"2052.9061",5f0aa276474dc199f2c4597f497564d5,"aeneas-func","d476f3ba-b422-4d18-b18b-a9a1d604e325"
"7/18/2023, 9:33:02.341 PM",3309cdb8a8291ee2,AeneasFunction,True,0,"2431.2783",ee0a67345503335b19aa795d41a64db5,"aeneas-func","cd100e4d-fb20-4600-80f8-f8d2812ca972"
"7/18/2023, 9:33:02.028 PM",5e940a1af62688ac,AeneasFunction,True,0,"2416.2603",27e15287f49227d8b46d0adedccce299,"aeneas-func","f1424bb8-469e-4b72-80b8-b41234f55ba5"
"7/18/2023, 9:32:49.500 PM",3206c5698615228b,AeneasFunction,True,0,"2103.0343000000003",00183bf86aac4d44bd5ed07741a897fb,"aeneas-func","c4da4e45-b6eb-4fdb-af8d-98981ad2081c"
"7/18/2023, 9:32:38.564 PM",c3b790c0f098295b,AeneasFunction,True,0,"2525.9756",105d649f8a676e9fa10c487533ac74d2,"aeneas-func","47b69599-65e9-403d-8923-f285a98408e5"
"7/18/2023, 9:32:38.097 PM",7626acc955d23733,AeneasFunction,True,0,"2162.9024",5fdca68261c143fe7ef3336a70012967,"aeneas-func","a5761d83-ca59-435a-8685-a86fb3ccc63f"
"7/18/2023, 9:30:51.260 PM",46c64de1faba9e2a,AeneasFunction,True,0,"2068.1545",0334d64a7c9dbc76a765104d61ab9184,"aeneas-func","9eb1fe3d-cf57-46aa-8192-c2767e03c26c"
"7/18/2023, 9:30:40.486 PM",24fc7ab881b95346,AeneasFunction,True,0,"3533.351",6ca891ab5c54a70d8de3819bdc403d1a,"aeneas-func","6f72c84b-22ae-4bfa-b679-dfcb47afe114"
"7/18/2023, 9:30:40.292 PM",25d6a8b8444559e9,AeneasFunction,True,0,"3354.3794000000003",6316732f36ff4938f3e9c5f63fdb8854,"aeneas-func","0571d06b-3feb-4df8-ba89-d7c2d4ea02f4"
"7/18/2023, 9:30:38.384 PM",335014af9d9a892b,AeneasFunction,True,0,"3002.4925000000003",76bc7c4dd5b59a639aa546097b441577,"aeneas-func","75b66999-d8ac-4650-80ea-df99fd9a2952"
"7/18/2023, 9:30:38.194 PM",d2f918157b3b5b63,AeneasFunction,True,0,"3252.1756",368417a100c1827bb6b8842ab8382439,"aeneas-func","3e7aba3c-d1ba-4bc3-af59-c9742dc050b3"
"7/18/2023, 9:30:27.584 PM",81d83ebf426a5889,AeneasFunction,True,0,"2359.3479",0cdf8eb6045ec42543786afd932fba01,"aeneas-func","6b394dc7-1321-4257-8d4c-f069a6a1baaa"
"7/18/2023, 9:30:26.959 PM",bb5e7f85b4f00932,AeneasFunction,True,0,"1370.8538",1d08153897871e5b74c3160dee1b12c9,"aeneas-func","2554551f-d37c-4661-913b-36d3fb175c22"
"7/18/2023, 9:30:26.541 PM",9419e653d8a9f184,AeneasFunction,False,0,"826.7448",a767e43fdf4ac1cce51d96a2362abf73,"aeneas-func","3661937a-36d0-4d8d-a182-b58e59b4b6b8"
"7/18/2023, 9:30:25.862 PM",53f95aefbcc8328b,AeneasFunction,True,0,"1595.5245",52d5bfb1e8da23c7038ec2d2aea90098,"aeneas-func","27608582-4b42-4979-a79c-cd486d1623c0"
"7/18/2023, 9:30:25.513 PM",c5faca27abab6800,AeneasFunction,True,0,"1133.6137",486f29f5f4657743976afa683e42a2b3,"aeneas-func","a4eb293d-f489-48e9-bce0-25dc7e1135c2"
"7/18/2023, 9:30:14.332 PM",39858e6cc09cf05f,AeneasFunction,True,0,"2202.1297",0d04b556af07490443a04f40d91a5994,"aeneas-func","8d5d7125-7d27-4bd9-9479-d62fa5d8a4e2"
"7/18/2023, 9:29:34.855 PM",a643364d8d338276,AeneasFunction,True,0,"2117.5043",b6b44aeba80990c70da744e361aa5796,"aeneas-func","4665da21-fc54-46aa-b7e0-0c200cd53902"
"7/18/2023, 9:29:27.819 PM",18294eefd5b7c7a3,AeneasFunction,True,0,"4494.8785",09a8a45d06161cfcf1ef29a2bc3f9443,"aeneas-func","180dd88f-8a8e-4b21-9092-b8978451d5e8"
"7/18/2023, 9:29:27.614 PM",a22433a8e1fd1f56,AeneasFunction,False,0,"4641.0856",3b52ace495c77b8e768c0e4476837663,"aeneas-func","0fb62101-e35c-4679-bd0c-53fb5f1c9f03"
"7/18/2023, 9:29:27.497 PM",3248ccddc483a8ce,AeneasFunction,True,0,"4789.6657000000005",100db8fab4fa780071b883129b54422a,"aeneas-func","3256cb59-aca4-4253-bde8-5cc076545fd3"
"7/18/2023, 9:29:26.494 PM",dd63e60713199b37,AeneasFunction,True,0,"2567.8609",95a4bc7730933cebac142ad78e0851e1,"aeneas-func","dcb5b171-3e2a-44f7-8f3c-b8862bb9e131"
"7/18/2023, 9:29:15.378 PM",e74e9c3db5e284ba,AeneasFunction,True,0,"5233.1373",9535962cfb20d834fec555dc1c9bdcf7,"aeneas-func","56327fa2-3e43-4b60-b716-b20dc2f920e5"
"7/18/2023, 9:29:15.123 PM",25f616cff8fc684c,AeneasFunction,True,0,"5493.783100000001",56940d319faf8e987663c6f1e813ba17,"aeneas-func","229c9f05-7e56-4cdd-964d-a623157d1c5a"
"7/18/2023, 9:29:15.003 PM",270b4f931f562df6,AeneasFunction,True,0,"5603.528600000001",031e56b2240c1072689e97028586b328,"aeneas-func","49dc8ab0-fa33-4ee0-9c4e-8055518ee3ac"
"7/18/2023, 9:29:14.352 PM",3825f1b038b02b0c,AeneasFunction,True,0,"5196.6483",4b8361ede73ad3dedf4edbe8fe9ea55c,"aeneas-func","17e8a5b3-c0a8-484b-873c-a1d0567dc23a"
"7/18/2023, 9:29:14.007 PM",1e284b88067b7379,AeneasFunction,False,0,"1090.6281000000001",7a7acc38c5e814026eaec5efeaf6e173,"aeneas-func","94da0007-fd28-483b-a7dd-d11acf88bb77"
"7/18/2023, 9:29:13.837 PM",0c821e5ebb905c32,AeneasFunction,False,0,"1012.5256",064968b13f266293d952d4c3440d9a21,"aeneas-func","4d708a36-9137-4912-ab65-633603de4513"
"7/18/2023, 9:29:13.379 PM",8c566c8eaed2a414,AeneasFunction,False,0,"860.4979000000001",af3f162999a9311cb468b1463e477770,"aeneas-func","863fe9db-37b2-47c5-a4cb-80af05d9349c"
"7/18/2023, 9:29:13.225 PM",73bda6b796367f03,AeneasFunction,True,0,"2390.9965",e3782203054c99fa0f61b9b7fd299c38,"aeneas-func","d1fb1fe3-0190-4cab-8755-3331d548c547"
"7/18/2023, 9:29:13.081 PM",cb5e87d98fb7159d,AeneasFunction,True,0,"2159.8106000000002",0807e411872832839f8594ccd8dda6da,"aeneas-func","141fccd2-9b18-44cc-8867-ab1836de4e2b"
"7/18/2023, 9:27:16.468 PM",2067e95ef161baff,AeneasFunction,True,0,"875.113",77bcc1ce46fe7497a346871af77b4bb9,"aeneas-func","ba5127bf-7d10-4993-bbb4-76176aaa9e62"
"7/18/2023, 9:26:17.941 PM",6b34c2c75bd491cf,AeneasFunction,True,0,"870.6805",61b928be68e08a2274a160ee43b5ea46,"aeneas-func","b13b02b1-6f57-4327-ab52-dc29ff1a4468"
"7/18/2023, 9:25:19.891 PM",446448bcf5cedbd9,AeneasFunction,True,0,"924.0957000000001",d8be4668e8575f58ac814d45e45fce4e,"aeneas-func","a3ca4eec-be43-4eea-9163-900772b50b40"
"7/18/2023, 9:24:22.755 PM",23824c29e5daf628,AeneasFunction,True,0,"879.5581000000001",c39fc89cd5696c04189f1f482da31475,"aeneas-func","18938343-ce44-49bd-b30e-fc35063de0ee"
"7/18/2023, 9:23:12.086 PM",437942aa70ab009a,AeneasFunction,True,0,"935.8511000000001",3ba99c8f602bfa1207e130a03e831c46,"aeneas-func","c0a5a0c4-dd67-49f7-a20e-80e3bb4365d6"
"7/18/2023, 9:22:14.024 PM",0b6c3c132137a5fb,AeneasFunction,True,0,"931.2182",e63a497aa5cdc2735910a4cb60ed271b,"aeneas-func","5148441f-ba28-4fe4-9ca4-d60466d4d990"
"7/18/2023, 9:21:16.447 PM",f8509d3133948a8d,AeneasFunction,True,0,"909.822",6de64e10f39e86bc8515fe8ebbdb9952,"aeneas-func","9abf8790-960d-44e4-b775-e4740f7da660"
"7/18/2023, 9:20:17.346 PM",ca02b5a0f905e2c8,AeneasFunction,True,0,"920.2869000000001",e55ac474d6b047b62f87c8eddb4b9e33,"aeneas-func","9d1224ed-e48a-4069-8d25-19d4e5ba9f23"
"7/18/2023, 9:19:19.291 PM",89f5dc36a30767f6,AeneasFunction,True,0,"880.7689",b9939a3a151f468c547619d5197b3968,"aeneas-func","c5377b1b-5591-4c79-9e1a-039131cdc49c"
"7/18/2023, 9:18:21.279 PM",cae00e8170ee97c2,AeneasFunction,True,0,"972.3936",b6e38edf97923ff3e3cb3410d0128aab,"aeneas-func","4f9ec0eb-6fe4-4918-9bfb-5fbea25b6ba2"
"7/18/2023, 9:16:14.356 PM",e8d03c5f83e98e6e,AeneasFunction,True,0,"833.8841",4baaa11025accf674719c4eeae0cc685,"aeneas-func","d37e5e40-6b49-4415-a9ee-a1ffad81a53b"
"7/18/2023, 9:15:40.401 PM",d0d3fa3b50373115,AeneasFunction,True,0,"999.9703000000001",70d9a41a258bdea814d2e59fe3730a69,"aeneas-func","0ff4310d-ee4c-4e6d-84a5-f3c12a703967"
"7/18/2023, 9:15:16.662 PM",d33c986c0566166e,AeneasFunction,True,0,"870.9908",0fb18d798c767fe7817fe269b9e8631d,"aeneas-func","4828e9a2-d8fc-42b2-8dbe-e253f7f8c04b"
"7/18/2023, 9:14:41.627 PM",35be5080c8bde6a2,AeneasFunction,True,0,"897.9193",5324d7725a30fc4b80180b0566fee6f1,"aeneas-func","cce79710-462e-4aed-8b56-2e17b33abc4a"
"7/18/2023, 9:14:18.985 PM",4dbbcee0decc5876,AeneasFunction,True,0,"905.2944",7a82224cc615ea90e57934acbaaf5e47,"aeneas-func","9f79c681-7718-4785-a139-8f86f191cf98"
"7/18/2023, 9:13:43.570 PM",af5e2cd68c074d39,AeneasFunction,True,0,"905.3847000000001",b3fc3fdcd0d1ce38239bdff39d958605,"aeneas-func","ce6165df-9c04-43a5-958e-828493308b68"
"7/18/2023, 9:13:08.965 PM",4ad876cdbcc01887,AeneasFunction,True,0,"876.9205000000001",947f3160b5e6b9de3ac09a7ff930c733,"aeneas-func","fca891da-1b3c-47a3-8b2d-de788debc875"
"7/18/2023, 9:12:46.928 PM",1aeff6f9591e3d3d,AeneasFunction,True,0,"883.0543",9749ca951e3d10ffa414de5f700d1f39,"aeneas-func","b596924a-fa51-4a73-a400-7e64ca08ca8f"
"7/18/2023, 9:12:11.832 PM",f5daad99e492f3f6,AeneasFunction,True,0,"898.0836",7ee7454d847bf8dea912ecb6ee0a534d,"aeneas-func","9af0ed6f-9542-4d55-aea3-8780fd25f00b"
"7/18/2023, 9:11:48.382 PM",ce72f067ff21fe76,AeneasFunction,True,0,"824.7887000000001",cda64b02453163bc442642eef6a2830d,"aeneas-func","468dbd8c-525a-402b-8f93-554d7bc81f10"
"7/18/2023, 9:10:39.198 PM",a32ae813c0059b25,AeneasFunction,True,0,"908.6946",8bf856fce6eea993d4d02036df6dba13,"aeneas-func","30b5ecfa-ce1a-4617-9c39-4fe6754a297d"
"7/18/2023, 9:10:28.526 PM",4539416690ff92d7,AeneasFunction,True,0,"792.4086000000001",ad6e807c2c3846e6490e17b33e9a151b,"aeneas-func","1e5f2077-bbce-4342-bee8-cbf5f368cdbd"
"7/18/2023, 9:10:16.818 PM",dfe2f47f6d3ae760,AeneasFunction,True,0,"836.1752",3f73cce22f26ffc6890d20b6ef478e11,"aeneas-func","178a86a2-905b-47ca-a9a8-8b5e481a8f7f"
"7/18/2023, 9:10:04.465 PM",ba9a05eead7cee3d,AeneasFunction,True,0,"876.509",1e8866bf9e52396d2c0069c8cdc872d1,"aeneas-func","4689e848-bf81-4931-b1a5-08d4f46c0156"
"7/18/2023, 9:09:53.044 PM",45a8ddb281b09ec9,AeneasFunction,True,0,"819.7633000000001",106d296c16be6de82115cdab8c963de0,"aeneas-func","004fb55b-855a-4cb0-a5bc-79b64099dfe2"
"7/18/2023, 9:09:41.526 PM",0fdbd837b46fa1b6,AeneasFunction,True,0,"914.3678",4cb45b17d540055eadd1df82ad3ef432,"aeneas-func","a2fedef0-00cb-41f5-ad5f-66d73bbca93a"
"7/18/2023, 9:09:29.754 PM",21733cf45700b8f2,AeneasFunction,True,0,"998.0875000000001",f21d0ca6c6cd937a30bbf0bcc5251927,"aeneas-func","44ccaded-511e-40f0-af79-e64a99598223"
"7/18/2023, 9:09:29.640 PM",e8730fee15b36ff6,AeneasFunction,True,0,"964.9782",edcc60752e067621ccce7cca3f1feb05,"aeneas-func","63dd9fb1-b81b-4108-b7eb-c7ac6f10c82a"
"7/18/2023, 9:09:17.865 PM",5ac396a373a3c297,AeneasFunction,True,0,"892.763",8a05c9a1a4208fbcfb63a1776bc31c42,"aeneas-func","0d0e9f5f-ebfc-411f-88f7-579b097d1ea6"
"7/18/2023, 9:09:06.389 PM",4ec19f26a9562f0b,AeneasFunction,True,0,"902.1128",b1a8f7fd1da813136d4b3d54cdb63b8e,"aeneas-func","77fe61ac-9365-425c-aa34-24c79f7f5b45"
"7/18/2023, 9:07:58.487 PM",bab83761cf8a6163,AeneasFunction,True,0,"949.0265",455a06bad3732c1f78db93e8c9063906,"aeneas-func","79bf1ade-956a-4c99-b4c4-33acb350dada"
"7/18/2023, 9:07:57.732 PM",15ebab9fb773c9c4,AeneasFunction,True,0,"1589.9801",c57a363a7c82551cc1b24ec85c5f0f82,"aeneas-func","c8c06136-42ee-4887-b89d-bbfab8ba0944"
"7/18/2023, 9:07:57.375 PM",1af5134565f74fe5,AeneasFunction,True,0,"1090.411",77170c3576f48af6d49570a51b293cbc,"aeneas-func","81086d01-fa6e-417c-bfa9-89ceb391be3e"
"7/18/2023, 9:07:57.108 PM",6121be4a3e0af907,AeneasFunction,True,0,"1267.9519",6430333aa43bf42782ddfd50a354ffde,"aeneas-func","a7d25746-b97d-4a14-b321-51ab005a98d2"
"7/18/2023, 9:07:47.507 PM",6e31a89a3c25cf97,AeneasFunction,True,0,"1305.6967",d3edc34568d14a8c81785688404005fd,"aeneas-func","c8cf58dd-927e-4302-bd27-03e61b2b0168"
"7/18/2023, 9:07:47.506 PM",2af358ba32980a25,AeneasFunction,True,0,"1170.0159",a2ff864c4033fb149e960737112003cb,"aeneas-func","2ebe0781-4448-47d2-808a-8b487c0c9e28"
"7/18/2023, 9:07:46.894 PM",2429b5b509608a0e,AeneasFunction,True,0,"1373.9525",2815385bc7802dabfbff595fa4b458f2,"aeneas-func","efe8a745-0962-4b92-bdce-a9ae84442b4b"
"7/18/2023, 9:07:46.646 PM",dd704f64bd4898de,AeneasFunction,False,0,"566.3826",51e66a0a276fa4c4aab76201cdf6fd98,"aeneas-func","95dc75f7-1292-4e8d-be89-5de34e53d092"
"7/18/2023, 9:07:46.636 PM",a8b1f9b9b8428478,AeneasFunction,False,0,"578.4419",94ca121d8604119c63b2db6127c4df2c,"aeneas-func","3bc5cbd1-78e2-47b0-949e-44e6c3787624"
"7/18/2023, 9:07:46.324 PM",9520881ebfe0a654,AeneasFunction,True,0,"1206.5482",8aeb3e71a68ef42039054e0bda2c5728,"aeneas-func","c9ca714d-2863-4c5c-933c-77c9cb89c5e2"
"7/18/2023, 9:07:46.217 PM",3bdff081d93618a0,AeneasFunction,False,0,"280.5852",3f9de3f5f42ca1b66f593e64c6a95083,"aeneas-func","e9bc7970-0f19-47ed-9fe0-583aac69a940"
"7/18/2023, 9:07:34.235 PM",d4d2efbb93c483b5,AeneasFunction,True,0,"1294.9292",f88e6f26cfaa85bb8b0e0af40ca67df7,"aeneas-func","d4da71ce-5200-4d7d-9e48-1cd76997375d"
"7/18/2023, 9:07:33.996 PM",f1c04ffaf72e1098,AeneasFunction,True,0,"1123.7757000000001",bf73afcc904cf0aa3ed208cc05b814fb,"aeneas-func","6838361c-7cdc-4567-9f50-16214991c3ab"
"7/18/2023, 9:06:26.061 PM",56b820f5baff567f,AeneasFunction,True,0,"1714.1641000000002",2232c269ade6c99a8c9604b3d1506803,"aeneas-func","486a980c-2799-417a-b0fc-e1d9059b1996"
"7/18/2023, 9:06:25.945 PM",7e64797d3fb6ad40,AeneasFunction,True,0,"1974.9052000000001",89021d21ed873371595ae3b712def7f8,"aeneas-func","6d2e5a44-3b59-4ca4-82b4-0655a803ae56"
"7/18/2023, 9:06:25.175 PM",087f4d22803cdace,AeneasFunction,True,0,"2012.1398000000002",2d009595afcf5b8d318884d1165ebf68,"aeneas-func","63f22b16-c90c-475e-bc51-f71c72f7c1eb"
"7/18/2023, 9:06:24.820 PM",f25638dd97968a04,AeneasFunction,True,0,"2503.2372",673f88a9b1e54cecdf1d9bd7cc162fe9,"aeneas-func","a599ddcd-f894-4260-bcd5-216aa9d7cbb5"
"7/18/2023, 9:06:24.250 PM",2c8e4d6f53f0af98,AeneasFunction,True,0,"2363.6792",14b4f631553f2dc36e21f6e18bf9106d,"aeneas-func","4c4961ef-d8ef-4fd7-802a-572392b3cd01"
"7/18/2023, 9:06:23.952 PM",a704cd596ec69162,AeneasFunction,True,0,"2408.1287",cd6bd1e506635ce5c84f23e190626900,"aeneas-func","3d7454fd-adab-4d90-9c7c-78f24fe1ccc5"
"7/18/2023, 9:06:23.825 PM",0f3f4856c92cb7dc,AeneasFunction,True,0,"2091.0461",516c6682e091bbd69cb572f93fb4f221,"aeneas-func","81443635-b95a-4f24-8db6-a25839d0dac9"
"7/18/2023, 9:06:23.515 PM",9d551a5443253ba8,AeneasFunction,True,0,"1229.0756000000001",7d8c8b2dba6cf4d3036e2b694b5ab49c,"aeneas-func","7e28a919-a156-410a-9e1d-1a2dc2d3176f"
"7/18/2023, 9:06:13.516 PM",72f9be9674c5a3b9,AeneasFunction,True,0,"872.1882",3f4d236d5e856a778475fb33c30afd73,"aeneas-func","e0901bad-3d8d-4cbe-a38d-2f50f7b47575"
"7/18/2023, 9:06:12.414 PM",e554d40033952e84,AeneasFunction,True,0,"1364.886",38177502e7da1f0853763603af478b5e,"aeneas-func","73e3f983-f9c0-49e3-b46d-56de0a6538a5"
"7/18/2023, 9:06:12.110 PM",038eeabb7dbdd6c7,AeneasFunction,False,0,"1335.9279000000001",3386cbefeada4c2e2c896cdbfc40246c,"aeneas-func","012fd83f-8ab9-4e24-be3e-207c6b2bd46d"
"7/18/2023, 9:06:11.989 PM",84bbf5d0e045a400,AeneasFunction,True,0,"1517.6915000000001",4d019cfef88260d73c5aea0d65b917f8,"aeneas-func","3a401973-843c-43e3-9944-0f6c3dc890f3"
"7/18/2023, 9:04:19.309 PM",176d28a4e5afaf5e,AeneasFunction,True,0,"842.2463",0ba37e346df98064cf202cabc3c2793e,"aeneas-func","8f601c35-6965-4aee-8a60-67e3e90739c8"
"7/18/2023, 9:04:08.704 PM",e5b019a4e074ffca,AeneasFunction,True,0,"1473.3416",7f944cd3feb809fc53e75096fbf6ad92,"aeneas-func","8648db8e-b9ac-4683-ba44-0843cbf63bd3"
"7/18/2023, 8:52:44.332 PM",cb2e5e504cbe0d49,AeneasFunction,True,0,"10707.1812",5ef5514319521bf1f8a0c77e3efe0571,"aeneas-func","ef2da345-4a0a-4a9e-9e3c-7be8e197d470"
"7/18/2023, 8:52:21.925 PM",1b14b6e9478afe0d,AeneasFunction,True,0,"10326.9182",46e9fd3902b219e42c1a05efb1b118dc,"aeneas-func","73b9fd02-a433-4fd5-b0b9-8f450f5654d9"
"7/18/2023, 8:50:27.404 PM",575502d4911ad7e7,AeneasFunction,True,0,"10642.543800000001",9559ab1b5216d92e94cdd9b71cdf0e80,"aeneas-func","e2a58f39-1fb5-4e0b-86df-028db3bcb1be"
"7/18/2023, 8:50:17.081 PM",47c906542ce78796,AeneasFunction,False,0,"430.19",e5fe5abbe3a17de1f707208604b1fc97,"aeneas-func","0bf0335f-d8cb-4a29-a308-b827a8be802f"
"7/18/2023, 8:49:54.497 PM",e500188f4dd09e15,AeneasFunction,True,0,"21352.571200000002",8bb2a3c224b1bb2cb47f2222733a3098,"aeneas-func","b30aadd3-8afa-4ea0-8e62-c9120252b617"
"7/18/2023, 8:49:54.357 PM",73b78b49ea648dbf,AeneasFunction,True,0,"21495.3696",7d9d32dc3fe720a80edc50dba00cab3e,"aeneas-func","7a04890f-9128-4c81-8fc8-189c7b7e714a"
"7/18/2023, 8:47:29.014 PM",7dcc6219eaa204cf,AeneasFunction,True,0,"10161.006300000001",1181695c65ac6f268a93d0f049c49e26,"aeneas-func","06e2c627-26fc-4b8a-aba5-5086551b5120"
"7/18/2023, 8:46:21.703 PM",72ccbefe7c98b6a5,AeneasFunction,True,0,"10421.9943",495b3702a077d3a31db511e109304443,"aeneas-func","90caaf63-fa0a-4b33-9598-3dfdf6afa6ac"
"7/18/2023, 8:45:26.051 PM",d46cf831609cc645,AeneasFunction,True,0,"10139.0573",7863e9b18083c143940e04e3eb635cb9,"aeneas-func","81b2d6ee-2a49-40ac-aa97-3d5fe2b6abe8"
"7/18/2023, 8:44:18.665 PM",f333c1dbaa014375,AeneasFunction,True,0,"10229.8501",fd5dc81b94fd0c6ba863345b4e98d130,"aeneas-func","75c0df78-453c-4b97-aae7-3da0bd1604e1"
"7/18/2023, 8:43:23.536 PM",f12f81d710a72b53,AeneasFunction,True,0,"10103.160100000001",67d0af7bc7bc8b7306ef885c0992baa2,"aeneas-func","b66bdd54-a632-49af-9431-4d2360936452"
"7/18/2023, 8:41:21.773 PM",3caf7aa6a7de2a47,AeneasFunction,True,0,"10628.2539",8e2bffa3cf9ffd17e02e0f671ea5bd41,"aeneas-func","fd92d43a-a8a7-4c85-b441-4b7b108143b2"
"7/18/2023, 8:40:59.665 PM",b56be582d70bf043,AeneasFunction,True,0,"10325.9769",59ea7091158bf8ec766ecabda9cf6105,"aeneas-func","28a37557-23f4-43e1-8255-d1ff303ee33d"
"7/18/2023, 8:40:25.686 PM",ca67d80c8734bf30,AeneasFunction,True,0,"11419.4244",87921a19ff4cb29a365a0f9fc06feabf,"aeneas-func","bf3917ab-5d28-4203-8048-8400471278ac"
"7/18/2023, 8:39:52.412 PM",467b1f9eb42e75c1,AeneasFunction,True,0,"10277.876900000001",7eb1e26a935e4ad70ffb24a5bb21b97d,"aeneas-func","24307127-da07-44ec-a863-74fa13d5c3a7"
"7/18/2023, 8:39:29.147 PM",05dde75134b9a7ce,AeneasFunction,True,0,"11525.313",6c3f9e2df96bb582999390f9c619146d,"aeneas-func","36739f84-1f9e-473f-8b12-3b57c141aadd"
"7/18/2023, 8:38:23.667 PM",743f9e70ad1d677d,AeneasFunction,True,0,"10109.6464",d3f7266f96013ec3aba9bbe1c55a8c0c,"aeneas-func","aed2686a-ecb9-4f3f-a5a9-c013194e1785"
"7/18/2023, 8:38:01.448 PM",2bab00613821a59e,AeneasFunction,True,0,"10379.4995",90212b46da1814d55047f7a1304a84c4,"aeneas-func","0ee69d75-5f89-4788-b7ce-a9080ec7cc90"
"7/18/2023, 8:37:27.526 PM",f65b37ef3641d6be,AeneasFunction,True,0,"12531.243100000002",ceb64449d0450d59cabdbded55a6e997,"aeneas-func","96b8548e-666e-4017-b1ff-7803e250ebcc"
"7/18/2023, 8:36:53.791 PM",3009ef772333d89e,AeneasFunction,True,0,"11712.338600000001",b225b4236c8aa4402082e969753b5373,"aeneas-func","2211389a-69b8-47d4-b1f2-26f5088a0290"
"7/18/2023, 8:36:21.455 PM",40bc5f6df36d110d,AeneasFunction,True,0,"9856.7738",d0540544ba7595dfcc2d912c0006f61d,"aeneas-func","81521f77-5eff-4fa3-8313-6711e65eedc9"
"7/18/2023, 8:34:52.664 PM",f7ee69475ae20d42,AeneasFunction,True,0,"10086.0772",763283837843f5abbd925d5a3ee59d48,"aeneas-func","b6536a77-69c1-42a0-893f-f13809b084fa"
"7/18/2023, 8:34:29.916 PM",e70ade37b73c24dc,AeneasFunction,True,0,"11175.3742",8ea5910313d3e777ef7c613203190e08,"aeneas-func","44c1c0d2-2a95-4e48-9f93-46f5040bd879"
"7/18/2023, 8:34:19.398 PM",833a12a3f7076bc4,AeneasFunction,True,0,"10415.640300000001",b4f7b9b5c63abc3c300c743df19f3e24,"aeneas-func","f80c7261-f27b-45a2-ad8f-b8ca0d490704"
"7/18/2023, 8:33:56.731 PM",2b467a96371ecd98,AeneasFunction,True,0,"9961.856800000001",ae52ccdb3bb2418911efd20edd8bdae2,"aeneas-func","bde81347-6af0-4a2a-b1b1-46deff59ad5c"
"7/18/2023, 8:33:35.043 PM",e0c9ae94372d6e3f,AeneasFunction,True,0,"9947.8891",6ef82376611dd1448f659f9cc2991f53,"aeneas-func","e0d1bb94-85b5-44f2-8e4e-6078fef5a5b4"
"7/18/2023, 8:33:13.119 PM",e694db6d203b8d88,AeneasFunction,True,0,"9900.6368",da3af5724de99655de0224ab6e177b9c,"aeneas-func","da8f3b37-58b5-46d4-9f23-370323b1d7e9"
"7/18/2023, 8:33:02.050 PM",3e46b3f4c2643ad8,AeneasFunction,True,0,"10072.024000000001",efa544a1c9f2f15b67ae370cf13ee327,"aeneas-func","8dac1167-0dad-4fe2-ae27-c396980454ec"
"7/18/2023, 8:32:51.046 PM",e309eecd2c025640,AeneasFunction,True,0,"9946.787400000001",fe75216034b66ba89c139f7daf2d00cf,"aeneas-func","52922297-aaed-437c-b5bf-1994500929fd"
"7/18/2023, 8:32:18.151 PM",4c63d2c8980aefea,AeneasFunction,True,0,"11918.8026",1b748e6640249560b1e0262bacaf8efd,"aeneas-func","4486a915-3cd8-4b75-bad6-cdf7161c8b5a"
"7/18/2023, 8:32:17.090 PM",cb0d1e9bc362afc4,AeneasFunction,True,0,"4785.6845",2b2ee3c921f0b0065ed8d89a9898c58e,"aeneas-func","7dccd9f8-53f7-43c5-bd1e-8f0a9d90f5e4"
"7/18/2023, 8:30:05.268 PM",0e4b494c46c650cd,AeneasFunction,True,0,"21179.4144",e42e5cc59b61f8e476b3a05edcd6bda1,"aeneas-func","2cfffc8c-274c-4903-bcbb-c9996ef191e6"
"7/18/2023, 8:29:54.391 PM",5768c26d4939f43b,AeneasFunction,True,0,"26011.126200000002",f57f59ca7057d56c53f1163eb0892b27,"aeneas-func","2366970f-24ec-4110-a247-d444b22cf264"
"7/18/2023, 8:29:43.271 PM",ed4c8264fe6227b1,AeneasFunction,True,0,"27946.383100000003",a81a9a9fd354ab07d1ca7fbbb1f33d10,"aeneas-func","921c793c-b660-44a4-817f-aa797130978e"
"7/18/2023, 8:29:31.560 PM",9b281c496ca0ec5d,AeneasFunction,True,0,"29713.312100000003",fe7d99920d18479468ea98b13996489c,"aeneas-func","cf030580-da3e-4074-a225-429946fd4de5"
"7/18/2023, 8:29:31.211 PM",b56e33846069a531,AeneasFunction,True,0,"30052.0783",15542da44d5de586593dd42ef3b69a8c,"aeneas-func","264f26ce-ebb3-4740-a0b0-9be3f572cdac"
"7/18/2023, 8:28:58.556 PM",866ffc0004571dc4,AeneasFunction,True,0,"10126.9504",61b72d53fe0e929870f7384bc0b6f34f,"aeneas-func","48f64737-ac02-40ce-a9a4-dd1be7fc71a3"
"7/18/2023, 8:26:46.638 PM",58b008fa837d01a7,AeneasFunction,True,0,"11784.556400000001",e66d608da7cb94cddc0989c3ac41222c,"aeneas-func","8da7a5a1-07a6-4381-a584-033521e343b0"
"7/18/2023, 8:26:24.032 PM",574d7a771336da87,AeneasFunction,True,0,"10806.263200000001",d96bb3ab94ef094a8766711c03e23e70,"aeneas-func","04b3e477-0ede-42a2-ab4a-7937da6a9a80"
"7/18/2023, 8:23:51.829 PM",68d5d7e4d5c9decf,AeneasFunction,True,0,"10229.046900000001",48a3c05b924abff7d3cd219ee1f92e47,"aeneas-func","899e0296-03b3-44c3-9d17-8e64a29d3532"
"7/18/2023, 8:23:30.095 PM",a426ccbea2512c86,AeneasFunction,True,0,"10101.2978",591ed68d43949151ab664eeb5c3a152f,"aeneas-func","db436703-fb88-4807-a94b-20f84fd1be67"
"7/18/2023, 8:23:17.999 PM",be7777408005e7ef,AeneasFunction,True,0,"11406.401100000001",3b0a119b939794898a5684923abb88cd,"aeneas-func","1caa4cb8-e9b0-4c66-be68-2855e26ea452"
"7/18/2023, 8:23:06.398 PM",e91930e56cf50e84,AeneasFunction,True,0,"12782.715400000001",13f25d38b9c006b3f313707716645551,"aeneas-func","9fc22b16-037d-480e-955b-8972ebd33c95"
"7/18/2023, 8:22:55.126 PM",f837fd7a2734d325,AeneasFunction,True,0,"11372.6811",69dd1cfa1bd6107c39ca266119100848,"aeneas-func","e5436fe9-3ce3-409f-b2a8-4a571ff9ca89"
"7/18/2023, 8:22:32.975 PM",3bdcd7aed05591b9,AeneasFunction,True,0,"11055.3902",071361b25a9151ae0a7857069ab2e2f4,"aeneas-func","59ef2e3b-4fad-458e-b2c0-ced2aa2b707c"
"7/18/2023, 8:22:22.524 PM",be023986e425db1f,AeneasFunction,True,0,"12165.6416",a80c08ff770794af9ba82b0538ce7bcd,"aeneas-func","8b290cea-afdd-439a-a05a-31025af9ab8b"
"7/18/2023, 8:22:10.256 PM",6fcdf3d916fe751c,AeneasFunction,True,0,"11484.1442",4033773e05a131718490523a9e50b51f,"aeneas-func","1eb27abe-9b81-4c70-905b-4d3d3bbed346"
"7/18/2023, 8:21:48.208 PM",b85f21f4a1313417,AeneasFunction,True,0,"12772.8819",6a52d644eac809de0cc8ff55728f3da2,"aeneas-func","8a8d99b7-faae-41b8-b33c-3e675f02241b"
"7/18/2023, 8:20:53.220 PM",2f9da6491cc57a74,AeneasFunction,True,0,"13408.9648",7059340162fd58fd997f2c8790e1aa9b,"aeneas-func","8b0b949a-3a76-4a1c-9f89-3aafabc53a45"
"7/18/2023, 8:19:48.503 PM",38f24fe3edb5a1cc,AeneasFunction,True,0,"1060.8621",1557b4a22e441a3115cf4d3ee87d8244,"aeneas-func","d6dbde7c-f1dd-41f7-8434-03e57ff559c7"
"7/18/2023, 8:19:37.545 PM",70e476997de6d49b,AeneasFunction,True,0,"1124.2608",05a68598fdb7f19e3e9b4b3444317a5a,"aeneas-func","617f76a4-13af-485d-95cc-504d7cc3b621"
"7/18/2023, 8:11:20.201 PM",5b594b171bec2fd0,AeneasFunction,True,0,"2204.6156",ab93762b1dac40df4c864d4b8fbde35b,"aeneas-func","85bc9356-4725-4632-a195-1fa886fe93c6"
"7/18/2023, 8:10:14.893 PM",90a567251c988633,AeneasFunction,True,0,"2356.8784",033d9167a9bc2503f0cd3a9fc7ee9450,"aeneas-func","0a28e8ae-2e37-4070-92e2-d7936a4ae44e"
"7/18/2023, 8:09:10.297 PM",210f84f226def13a,AeneasFunction,True,0,"2269.3201",ad2f1001f26cf815032455a3e405f4f9,"aeneas-func","d63fca74-f6ac-4b55-85c7-a5af299026ed"
"7/18/2023, 8:08:16.120 PM",0bfb58766e457e18,AeneasFunction,True,0,"2437.0793000000003",be2bcf234818d4713cb7e73b33045cd7,"aeneas-func","1fe07344-34bc-4afb-852e-22182f618d94"
"7/18/2023, 8:07:11.572 PM",934e0d06af1802a3,AeneasFunction,True,0,"2484.5068",ca6ea35db55e133ee4575374f3c30a35,"aeneas-func","51188ecf-27cc-4359-b056-104e2a03f955"
"7/18/2023, 8:06:17.428 PM",7a674c04d41ed57c,AeneasFunction,True,0,"2454.7202",68880723ee11bb9d4122a9065f336795,"aeneas-func","7c8434f3-d6b8-4c77-bb02-05f9b9c77b93"
"7/18/2023, 8:05:12.839 PM",947beda3ca536515,AeneasFunction,True,0,"3439.7935",db618d0f29a9596f1680de1a5c3b1bc4,"aeneas-func","7138a21d-c126-4094-8fbb-d4376bf7cfbe"
"7/18/2023, 8:04:41.012 PM",6ca893062c8743b0,AeneasFunction,True,0,"2191.786",70d4885aa10678449109c9bcb20061b7,"aeneas-func","5e7e0b73-dc86-4b16-be17-aa7f6077465f"
"7/18/2023, 8:03:11.101 PM",1dd48ac8d340854b,AeneasFunction,True,0,"2587.5307000000003",5a09bca3b6cc9dde13c1cae03c220228,"aeneas-func","292c03a7-621d-4464-b6b9-4998bdaec62e"
"7/18/2023, 8:02:16.918 PM",9deb93ba8a0d32de,AeneasFunction,True,0,"2534.7191000000003",3985cdb3d467eb50bf0c7872db535e65,"aeneas-func","af93ee1c-627e-485c-9acb-b1d43c6aa775"
"7/18/2023, 7:54:15.286 PM",26f5991e831bab02,AeneasFunction,True,0,"2497.4451",f22f4112b34e04073bfe2d78e002682a,"aeneas-func","f34141cb-598d-40c8-9a2f-f739bd747e40"
"7/18/2023, 7:53:43.287 PM",8af960cc68f9d20f,AeneasFunction,True,0,"2279.4556000000002",8f764bf7928db21d407a24206e20deec,"aeneas-func","58c2adb5-0e13-4b6a-9f77-f4e8f8ba828d"
"7/18/2023, 7:53:21.723 PM",aae510b730af49ca,AeneasFunction,True,0,"2336.8975",cf0c034fcbb3e0c03126f2c113108a13,"aeneas-func","fb910f28-23aa-449b-909f-28f7bb992106"
"7/18/2023, 7:52:49.081 PM",e68a687887a83f3f,AeneasFunction,True,0,"4283.3687",d375fa0af93a021b74bf2ea730b313d7,"aeneas-func","0d363747-64b2-41e5-b79a-25a0cb4a9580"
"7/18/2023, 7:52:48.887 PM",3bfc6879b422e30a,AeneasFunction,True,0,"4164.678",ba9c42b68d323dff2c2d7755bfdffdcf,"aeneas-func","dd554f5f-2550-4ae9-9b5d-c90795987f48"
"7/18/2023, 7:51:52.610 PM",758f3b5917744f3d,AeneasFunction,True,0,"2234.3517",f9c66d01011c7c25580da5b798138857,"aeneas-func","9644256e-69f7-43eb-bc73-ff66e2742ccc"
"7/18/2023, 7:51:20.452 PM",262691aae06bbecd,AeneasFunction,True,0,"2300.2352",9f3076d1f40802e417e5366aa28234f3,"aeneas-func","5b3b5706-15b6-48d6-a442-15817219764c"
"7/18/2023, 7:50:48.548 PM",fb03b69d32cfb4c1,AeneasFunction,True,0,"2174.2787000000003",bc794626c7bf692c237cc1c8eb31b382,"aeneas-func","17eef153-53ae-472b-baef-d0317b05093b"
"7/18/2023, 7:50:16.469 PM",23d5592bf8432c02,AeneasFunction,True,0,"2224.5504",d429f7235e6db5f28ca673b840772f07,"aeneas-func","f777c155-eae6-4b0e-b4a1-e904fc003c8d"
"7/18/2023, 7:49:54.754 PM",876ca7fc6e53424a,AeneasFunction,True,0,"2270.5059",6557b0a771735818dc25e83f8181d706,"aeneas-func","0b07bc50-819f-4688-9080-2df0f0826381"
"7/18/2023, 7:41:02.642 PM",123b5a5c385b7bba,AeneasFunction,True,0,"2384.3953",66dfc5fd9c74b730b55b05c2df1e15d0,"aeneas-func","ede5d236-edc4-4210-9e03-d5f7884cced6"
"7/18/2023, 7:40:51.792 PM",34794f2a7113f820,AeneasFunction,True,0,"2304.3683",05f19d3ea101a2d2d9f717a465967d7f,"aeneas-func","28680f6f-8e97-4bb0-8a2a-f74d521ff8fd"
"7/18/2023, 7:40:41.494 PM",7cec760dc2504d62,AeneasFunction,True,0,"2130.428",8bf83c3bb6b67cb1aae33f739474566c,"aeneas-func","f8c30d32-f2ef-4c13-852e-0583f16e9926"
"7/18/2023, 7:40:30.311 PM",9da7e7a2ece97bc2,AeneasFunction,True,0,"4123.2936",92cb0beb075d57d491467abda9926aeb,"aeneas-func","ab7a3353-12af-4ea0-b8ee-a982619ca7a4"
"7/18/2023, 7:40:30.169 PM",4fb01e7ca93edc1c,AeneasFunction,True,0,"3880.1735000000003",eec22231a9906dc355ac1fa12d10eada,"aeneas-func","45117f9e-916d-4ee7-ad66-4721ffd6a6f3"
"7/18/2023, 7:40:19.762 PM",67d4b8ed865fcdef,AeneasFunction,True,0,"2761.4974",cf65650fdd65863a409119bf7fef9ad6,"aeneas-func","d5b6f2dc-1275-4bdf-975e-29efe3374711"
"7/18/2023, 7:40:08.647 PM",73648235be9c9024,AeneasFunction,True,0,"2422.4252",b40d1fe093d753341aeaa86bf7539425,"aeneas-func","fcbe85da-5b66-41fa-8168-4086455218e0"
"7/18/2023, 7:39:58.038 PM",3bbbcbf1cab6ee45,AeneasFunction,True,0,"2272.347",ab04026a8ca825d4eaf7d7bb0e98d427,"aeneas-func","a5d6cfa6-3242-4eec-9996-e7330b9a0bce"
"7/18/2023, 7:39:47.543 PM",1c4f0ef4e3f6bcf8,AeneasFunction,True,0,"2251.2832000000003",7417bfcdd9784d9b193a4a9b4393874e,"aeneas-func","63f98698-fd75-48d7-9026-79f464925f68"
"7/18/2023, 7:39:36.763 PM",46c003dc5ef8ac3e,AeneasFunction,True,0,"2156.4245",52ef32c01cec6bbce15314ee25a961cf,"aeneas-func","d94dc2c7-83de-469b-9705-548b39f463f3"
"7/18/2023, 7:37:40.948 PM",3dede2d890e5a8aa,AeneasFunction,True,0,"2146.9242",745ed62e26971adf487b4f1d6c0f98d1,"aeneas-func","a856198f-652f-4707-8834-f1cd4e6da098"
"7/18/2023, 7:37:30.878 PM",28236a7ae3414ee2,AeneasFunction,True,0,"5724.880300000001",3f59e3045c2cae17a718ba485fd8a8cc,"aeneas-func","2f508c66-8011-409f-84be-dd8b7545ffa5"
"7/18/2023, 7:37:30.283 PM",9254837837f8416c,AeneasFunction,True,0,"6325.329900000001",fbd6113e514ae266645a50db9648d44d,"aeneas-func","d7cba115-9063-426a-974d-394ebed8cb2d"
"7/18/2023, 7:37:30.162 PM",69bd82d110e180d2,AeneasFunction,True,0,"6416.1227",f0c9497c5a8d61275a639279835b96a3,"aeneas-func","0bea3cd4-5893-4ae7-9b71-cc8dd111e5ca"
"7/18/2023, 7:37:29.907 PM",11bd80c6a90ab999,AeneasFunction,False,0,"711.7374",9e069e6be7fab8f4901fc0bc2f1a50f5,"aeneas-func","1d21a6e0-76c2-4647-af98-af12fb3c695f"
"7/18/2023, 7:37:19.965 PM",4d641da4d0f93e81,AeneasFunction,True,0,"5777.079900000001",0390456abb5f9417466efcad1c6b73f9,"aeneas-func","db4ff98c-b1d0-4dd1-ba6b-0f1627ee5b0f"
"7/18/2023, 7:37:19.311 PM",aa70365ffd5781e8,AeneasFunction,True,0,"5864.595600000001",45c4b6d1fba104c53c6f1e1725f82532,"aeneas-func","f111aafe-9fa3-442a-8960-cfff757c2685"
"7/18/2023, 7:37:19.093 PM",baa49c2444db757a,AeneasFunction,True,0,"6071.3962",8b0a4f4beb3d2606a2f87fb8d1447806,"aeneas-func","533e020d-371b-489e-aa75-b6b3fbbe297b"
"7/18/2023, 7:37:18.822 PM",4afdcf791637dd98,AeneasFunction,False,0,"911.4999",34578e2f0b441feac2476805e6b9336f,"aeneas-func","30222e62-2054-476b-a714-ad8e1fdac660"
"7/18/2023, 7:37:08.441 PM",d158bf1a1df21594,AeneasFunction,True,0,"8846.2492",4b4cc0390a1c9746a37926ed484be945,"aeneas-func","d03b41cf-50c5-4e0d-9455-aa908420037b"
"7/18/2023, 7:37:08.247 PM",6575528f0a3c05ed,AeneasFunction,True,0,"9022.662",3a5cb52916c030706e78ed326c8f190b,"aeneas-func","ef75b975-7dbc-4231-b684-b13140af02fc"
"7/18/2023, 7:37:08.120 PM",d4187a421868f6f5,AeneasFunction,True,0,"9145.6046",f5477a2b805860f4d21d34c8af1b7598,"aeneas-func","edb52ddf-55ea-4d84-8c4b-256b3910ae64"
"7/18/2023, 7:35:12.504 PM",d2ff53f8ca321137,AeneasFunction,True,0,"6288.6571",535fed897446ad78c92d26b0d89d5714,"aeneas-func","b6e2044b-2742-4208-a1ce-7efe288bdafa"
"7/18/2023, 7:35:12.409 PM",bf6e9302c27a6529,AeneasFunction,True,0,"6366.421",e26807be63f45f9ba23c9e5956da332e,"aeneas-func","4e1797af-7607-4e34-8bba-bc3abf8939b3"
"7/18/2023, 7:35:12.197 PM",b0680c383c060dec,AeneasFunction,True,0,"6139.534500000001",f9c5a0caa9e36deeb60b9ce3d237e154,"aeneas-func","ed4558bf-0361-4f5c-ab4b-725e98d14bd9"
"7/18/2023, 7:35:02.002 PM",dd580202642536e3,AeneasFunction,True,0,"8025.7988000000005",bda6d5c1dab4ad0a30655ec082612e10,"aeneas-func","97e2ea5a-fa48-4cb4-bb41-cb0c334e291d"
"7/18/2023, 7:35:01.321 PM",e68f13dd5a1504a2,AeneasFunction,True,0,"8736.9393",fd32453a182079094115c9acb2d3321b,"aeneas-func","b7c134cb-5852-453e-ad34-10b4e1c1ba73"
"7/18/2023, 7:35:01.239 PM",1d30af1272f73f3a,AeneasFunction,True,0,"8744.0111",ab82daad60e2f9e65c183a0a2ccb0f1c,"aeneas-func","a2bda223-be77-4c4c-9247-1da776c1f5ad"
"7/18/2023, 7:35:01.185 PM",0b5c08b87a686c97,AeneasFunction,True,0,"8825.629200000001",9b1d551e53b653172d22b5b1d79fb64c,"aeneas-func","d13d4d6b-82b2-48ec-8185-a9283ca5e839"
"7/18/2023, 7:34:57.043 PM",9a642b40585601bb,AeneasFunction,True,0,"2681.0505000000003",3b619bd5a2b652e47aadbf895e233758,"aeneas-func","c488ca6a-00d2-42c4-a209-99ee0e532b61"
"7/18/2023, 7:34:50.747 PM",85b72e8caa05119c,AeneasFunction,True,0,"6280.3489",1dc7e5ab154b539ffb9754319a01cb0c,"aeneas-func","d729b395-9921-440e-9ea5-aac2493b0382"
"7/18/2023, 7:34:50.583 PM",a47bdac83a17662f,AeneasFunction,True,0,"6414.5405",c6bdd723b8bc96e2ac3240f12d99fc47,"aeneas-func","044d771f-2666-4a3d-a79e-a8181a7ab674"
"7/18/2023, 7:34:50.521 PM",d79c162b7cddc7c8,AeneasFunction,False,0,"6024.1435",4c47c819e5e855ddbbab699382c8a144,"aeneas-func","dec95ba1-2cc7-4367-906d-2c9baaf47a44"
"7/18/2023, 7:31:22.102 PM",f6db57589812f9a2,AeneasFunction,True,0,"969.2343000000001",1c2bd79d187d1eff6eda1592fecce440,"aeneas-func","872abe11-da89-409d-8f40-ba89b1b21e9a"
"7/18/2023, 7:31:11.385 PM",bce319aa41070c3a,AeneasFunction,True,0,"1118.3144",86a1692521307a74eee64402fbc1ce4b,"aeneas-func","f9a314f7-4910-4e30-980e-af98c358115d"
"7/18/2023, 3:29:10.902 PM",11e4cd3af80e0869,AeneasFunction,True,0,"1027.8221",759c329754ed71aa1f82d9409b7d376a,"aeneas-func","8ad96df9-25c7-4246-983e-dfbdd0b88cb0"
"7/18/2023, 3:28:29.044 PM",aa74a6c9931d575d,AeneasFunction,True,0,"1226.3894",c065ebe33fccb27ab8ee0c763e25b0cc,"aeneas-func","9088cec8-552d-40ef-bc43-1f2259798032"
"7/18/2023, 3:26:14.066 PM",6759bfe4acd866f8,AeneasFunction,True,0,"995.2476",fc4635d7bd9fdf5aa82db906973f42ac,"aeneas-func","7ebe3ce7-3cc5-4f49-b98d-dc18379ea473"
"7/18/2023, 3:25:11.599 PM",6b3c98984a73a3af,AeneasFunction,True,0,"1069.1198",fcfef0f250600263f66de33cac87d162,"aeneas-func","7f9c08e0-ab12-456f-aabf-730fdc0f5734"
"7/18/2023, 3:24:09.447 PM",63e4f1d0ca32bf2d,AeneasFunction,True,0,"972.9945",bb2590a73a38fa6f9ed0245591cd948f,"aeneas-func","2d733597-4224-4329-a35e-7c9c81a85599"
"7/18/2023, 3:23:17.483 PM",3dbc012e0b914165,AeneasFunction,True,0,"969.9140000000001",bb728dc420de8272f77813bc8301d28c,"aeneas-func","6ab9933e-070b-4db6-b897-843fdf853f3d"
"7/18/2023, 3:22:15.348 PM",1b2de907718575de,AeneasFunction,True,0,"1033.8543",188966c92660fdf2609b3ecea5933c28,"aeneas-func","49d46fbb-9282-47f5-8a0d-98793fd7f5d0"
"7/18/2023, 3:21:12.708 PM",95128c1b57fb832e,AeneasFunction,True,0,"1310.6287",ecdf5c995c3bbb94aba3074ce52655b6,"aeneas-func","ecc79a5b-3f74-43cb-a421-e5a36936a123"
"7/18/2023, 3:20:10.857 PM",12520618a1fcda57,AeneasFunction,True,0,"1025.6353000000001",adcce9273e30ced34956803d3ac7fda3,"aeneas-func","49291080-fb1d-4f8c-8c21-b28698f5add8"
"7/18/2023, 3:19:18.527 PM",35d921c79e4d1150,AeneasFunction,True,0,"1134.6308000000001",96644ad33e4a72c6573d8a6c2eb11330,"aeneas-func","5cb4643a-10b3-4a6d-9d1b-0158f3912502"
"7/18/2023, 3:16:12.821 PM",b8c322976dc2fc1d,AeneasFunction,True,0,"997.9204000000001",352bcc741924121cb08bd7a4252c702c,"aeneas-func","bcf70517-ea2a-4a09-8d59-6a80518453fd"
"7/18/2023, 3:15:41.618 PM",4bee14151047c509,AeneasFunction,True,0,"1070.3345000000002",f1cf3602872478c7811d4a7dc3bca44c,"aeneas-func","f71c7453-e639-4c62-ace0-6d46fce20910"
"7/18/2023, 3:15:10.590 PM",5e8a74ad20c24670,AeneasFunction,True,0,"1051.2634",3b18c48577f2fcab87ac52d7409ada6f,"aeneas-func","a4ed25c5-eea3-445f-8e7a-15420fd224c5"
"7/18/2023, 3:14:39.680 PM",7565792b4f8ff130,AeneasFunction,True,0,"950.5342",0821456e22ce59f67544823443051d1d,"aeneas-func","4ad53d98-8571-4c85-b776-6181c5e9361c"
"7/18/2023, 3:14:18.764 PM",88d577bead073082,AeneasFunction,True,0,"1053.0122000000001",9472de24b7a1043109841c3e98b730c5,"aeneas-func","bf25e1dc-e207-4088-8c64-c23d1d805791"
"7/18/2023, 3:13:47.793 PM",930e04001dacb4b2,AeneasFunction,True,0,"999.2403",8effd69cb8a279650e69261c7774639b,"aeneas-func","cdb502be-2367-4122-9695-37eccc93cfad"
"7/18/2023, 3:13:17.111 PM",edb16e4de8e206b8,AeneasFunction,True,0,"964.0262",97caa28bda3c1a5be0b765485c0c90b3,"aeneas-func","cd2a50f2-17e4-4f37-9b9e-cd91dc1d124d"
"7/18/2023, 3:12:46.276 PM",4a272dbf92161ae0,AeneasFunction,True,0,"984.6269000000001",914cdd51a6b5a4b56ccc3a46ba6d8ca0,"aeneas-func","638f242e-f01a-40f5-a6ea-097d1b68c58c"
"7/18/2023, 3:12:15.305 PM",f13e8b17f1babdd3,AeneasFunction,True,0,"1026.5951",1cb5fe2c355c98a8da15bf36aa6a9a65,"aeneas-func","673d5f96-542e-4840-8c56-acb9c5058667"
"7/18/2023, 3:11:44.505 PM",362fec5eab03ab96,AeneasFunction,True,0,"938.5766000000001",6acec67888632f33344d493789cb89eb,"aeneas-func","4d0c2fc6-ffcc-44b1-8dc8-d8dbf3578baf"
"7/18/2023, 3:09:10.617 PM",4f63dd8819b24f83,AeneasFunction,True,0,"1037.605",4888b8da88c6aa7baae100ccb3100e5b,"aeneas-func","104c128b-010a-4779-9c47-8e99531e4cee"
"7/18/2023, 3:09:00.314 PM",996bba414fdc1139,AeneasFunction,True,0,"992.264",58fe79b3d9cf40b54b936d2f9df8f89b,"aeneas-func","5b379741-0816-4b9e-b024-aaf59d0b5bb9"
"7/18/2023, 3:08:50.123 PM",06d328c8c4653b78,AeneasFunction,True,0,"898.0312",2b59d0e25cd460d65432b95e2498983b,"aeneas-func","f39f99e7-9a9d-4d29-ac0d-191ea1bc28ba"
"7/18/2023, 3:08:39.743 PM",c0f665784e6e9879,AeneasFunction,True,0,"963.6659000000001",9c1a55a440231accfb68dd074626e711,"aeneas-func","f872b8e5-63c9-455e-9eed-51ba7b8e958d"
"7/18/2023, 3:08:29.414 PM",544fc102779467a0,AeneasFunction,True,0,"956.907",f364d6b5dbf2bb673514d9459051fe65,"aeneas-func","c0d8a73a-9b1e-4425-b0e6-dc75a3a3f077"
"7/18/2023, 3:08:19.157 PM",a1a1fe33ea760afe,AeneasFunction,True,0,"979.4408000000001",6a113456fdeade0b3abc258efdc2d61a,"aeneas-func","f6b453c3-2bc8-46cb-83cb-45927ccf0bda"
"7/18/2023, 3:08:09.046 PM",b523f77a075cd403,AeneasFunction,True,0,"1675.661",4b322ddf9e352744efda9813b456e41d,"aeneas-func","d1944dc6-7e00-4241-9d9b-3fef0d1eacf0"
"7/18/2023, 3:08:08.873 PM",9fae606b07d3582a,AeneasFunction,True,0,"1692.0377",3dcfbef9965ec2901ebdabab0c844720,"aeneas-func","a49c540b-be3f-46a7-9645-c7515d5593d3"
"7/18/2023, 3:07:58.723 PM",ebd5f07b46fb2201,AeneasFunction,True,0,"941.2231",cf58ac340b023c18285d6dda71649521,"aeneas-func","3d3e335e-8b79-4512-8641-e1ba6f8a74bf"
"7/18/2023, 3:07:48.412 PM",a7c65ff52c0c8e7d,AeneasFunction,True,0,"1004.695",193228c98888a52874ad11853887c0a4,"aeneas-func","91b9cbb1-7022-49cf-a44f-307ac5717664"
"7/18/2023, 2:46:47.487 PM",b7a333e160dd6f04,AeneasFunction,True,0,"1026.3822",6788467df93bec330744ff8fd5b779e0,"aeneas-func","393a7c56-ccdc-4099-a0c1-f742e3c40340"
"7/18/2023, 2:46:33.258 PM",ace574afbf387b8c,AeneasFunction,True,0,"3796.2563",25287be0498f600a0bfecdca8e8f0b7f,"aeneas-func","b38f1462-549b-4b73-8678-5344698972c3"
"7/18/2023, 2:46:33.013 PM",74e7af4de9d3270c,AeneasFunction,True,0,"4042.8446000000004",95e696e8b0a22d83d556d26ff5836dfa,"aeneas-func","ce9029d6-1865-4f64-96bd-73ec8e70d940"
"7/18/2023, 2:46:32.956 PM",ce48274a3a37a806,AeneasFunction,True,0,"4079.3752000000004",94ebaa184485a406120cbc735314427c,"aeneas-func","fb3fda78-6765-400d-bbfd-a217356a7cfe"
"7/18/2023, 2:46:32.876 PM",35be69f9423d0519,AeneasFunction,True,0,"4071.7263000000003",4b29472bc8dca8451171a85a490d7d33,"aeneas-func","c2debfe4-fc90-40c4-93ec-d8f58cc9b43e"
"7/18/2023, 2:46:22.787 PM",bf1f4070416a8efb,AeneasFunction,True,0,"2970.4881",3d6d71524e3119ebd4dec6f2410f85fb,"aeneas-func","9bdbfd1e-0864-4fe9-9d31-c9ddac2ff1ac"
"7/18/2023, 2:46:22.672 PM",62cd363e8d6d1092,AeneasFunction,True,0,"3030.4054",d36ee515d0e5a5927461b0e1f80dd81a,"aeneas-func","b648f45f-94fe-451d-8b81-a3ab7355fb16"
"7/18/2023, 2:46:22.608 PM",a22a23dfb9c978f6,AeneasFunction,True,0,"3094.0806000000002",7ed4332efb938f47c09390efe7bcab70,"aeneas-func","595c87ec-5b8e-495c-8c13-7b7fb945853a"
"7/18/2023, 2:46:12.450 PM",e270609b3da3786d,AeneasFunction,True,0,"2132.6413000000002",4e5279c4c20d80920696a11d7cddc073,"aeneas-func","719cfbc9-0fa1-4d5c-b4d2-936f97527eef"
"7/18/2023, 2:46:12.320 PM",8d29c962ef24b344,AeneasFunction,True,0,"2094.5743",d37c96ac76104826eb274147e2ee051a,"aeneas-func","a48491b0-9972-4f1f-a826-3a668b2c0a73"
"7/18/2023, 2:07:31.194 PM",fb18361dc039e72c,AeneasFunction,True,0,"3705.2181",56c69453498060213cd7d807b91be228,"aeneas-func","2b19685f-f4e4-470f-8b28-cf7f0791fb1d"
"7/18/2023, 2:07:30.906 PM",f6ddda4999644575,AeneasFunction,True,0,"4021.1169",942bd64f7a9c8db1842ee6f37e39d29a,"aeneas-func","acf2ec58-6b18-44b6-a8df-36766d1f6929"
"7/18/2023, 2:07:30.751 PM",f3fea0fa038299c9,AeneasFunction,True,0,"4096.1933",2e6444a1bfbcba2e45a018d6a271bfbe,"aeneas-func","571dd868-5c2e-4801-91bc-153cf2b98702"
"7/18/2023, 2:07:30.636 PM",12a1b54b298915f1,AeneasFunction,True,0,"4032.1625000000004",c4f3bbbd86c65f4528f1f1f791bc7452,"aeneas-func","4d409f24-5427-4650-800e-a09073ed8e3d"
"7/18/2023, 2:07:24.344 PM",fb9cafa1ae867b45,AeneasFunction,True,0,"2189.2961",148dd61a61a7d9e5bd63c485535683a5,"aeneas-func","afc8dc45-d1bb-472f-b04e-66849b7d7db7"
"7/18/2023, 2:07:23.700 PM",39338bff42c88b25,AeneasFunction,True,0,"2802.4792",9fd8fe86afe8fcd0f7356062b108a3a1,"aeneas-func","23d2f346-9cb3-4250-9f1d-b6cb419d21ea"
"7/18/2023, 2:07:23.694 PM",b8f010a10fd434f0,AeneasFunction,True,0,"2693.2558",a28cf489966a961a0cd0c76bb58d07ae,"aeneas-func","36b51066-a4a3-4b3b-91c1-7ae0aafb3d2f"
"7/18/2023, 2:07:20.393 PM",0375159bc46275d0,AeneasFunction,True,0,"3575.4204",f8fdccb9a5886220f1a82bc29e3aba16,"aeneas-func","02cdab7e-9447-419f-808f-bcae9c015c99"
"7/18/2023, 2:07:20.329 PM",7f13adead1efcf95,AeneasFunction,False,0,"3782.8086000000003",d84b6ba47c6201c11f85b75e3696fd4d,"aeneas-func","83b6528f-4610-46ed-a3f3-60ad34386a87"
"7/18/2023, 2:07:20.233 PM",7c93b0300082c70e,AeneasFunction,True,0,"3423.9255000000003",666e0ba78d21484b01c3f12bf2888871,"aeneas-func","ae43ae68-8c38-47df-bbf5-3a11bebc5969"
"7/18/2023, 2:07:20.178 PM",d5f9ddab254283cb,AeneasFunction,True,0,"3491.1083000000003",1560d7d7003704f845a1fc06119fe648,"aeneas-func","8e994e6a-7b2e-46d8-9b4d-c2a54d4dbf78"
"7/18/2023, 1:54:27.783 PM",a2c680854fc4eb7f,AeneasFunction,True,0,"11434.8559",27fb8cdc335d3e5fbd4b1559eee7bdd1,"aeneas-func","87fbbc34-c1d7-416c-a536-7cd85bb004ee"
"7/18/2023, 1:53:37.477 PM",95d6ef31ee2bb557,AeneasFunction,True,0,"2348.8711000000003",4808c59c920751a24fa1a0931544d4f6,"aeneas-func","001e6ac8-cd65-42ca-b333-6f771ec9d2fa"
"7/18/2023, 1:52:17.309 PM",56fd9028f27c270c,AeneasFunction,True,0,"1047.2127",592c3fa52d3ba8a35088d3406687c8a8,"aeneas-func","be08ada8-4aca-45ba-8017-6808e38cc742"
"7/18/2023, 12:51:04.288 PM",08c507bc8385382e,AeneasFunction,True,0,"3685.9869000000003",88959ed52a76f0a1b81c897af66f22a1,"aeneas-func","0f00ed69-a995-405b-93e2-168075508e54"
"7/18/2023, 12:49:13.967 PM",be75866403b702c4,AeneasFunction,True,0,"3967.5052",f0a8aabb0a3e74e17622db7d19ec861b,"aeneas-func","d2330d12-6b39-4b39-bc44-323a55bdf12e"
"7/18/2023, 12:42:53.148 PM",3ef0414893ec2af9,AeneasFunction,True,0,"1205.1908",614aa40ad77571860d62fb0c48c76994,"aeneas-func","7fc0326e-ee85-4859-9321-b0c1d4141030"
"7/18/2023, 12:13:50.328 PM",262aaccd4a2d1d2a,AeneasFunction,True,0,"2437.4966",3e9292fbd5bb1a8a5adcc83d3ab5eb2d,"aeneas-func","134ab1dd-5e4a-40e1-ad0f-86e2df32bde9"
